DOY,Species,Time,Treat,CO2.meas,Plant,Leaf,Leaf.unique,Tset,Rep,Rep.total,Tleaf,Ci,Photo,Cond,Trmmol,VpdL,CTleaf,Area,BLC_1,StmRat,BLCond,Tair,TBlk,CO2.set,CO2R,CO2S,H2OR,H2OS,RH_R,RH_S,Flow,PARi,PARo,Press,CsMch,HsMch,StableF,BLCslope,BLCoffst,f_parin,f_parout,alphaK,Status,fda,Trans,Tair_K,Twall_K,R.W.m2.,Tl.Ta,SVTleaf,h2o_i,h20diff,CTair,SVTair,CndTotal,vp_kPa,VpdA,CndCO2,Ci_Pa,Ci.Ca,RHsfc,C2sfc,AHs.Cs,EBal.,Tk
243,Tabebuia,9.25,c.c,400,1,1,11,27,1,1,31.72,240.6,16.56735653,0.245,3.37,1.54,31.72,6,1.420000017,1,2.840000033,28.52676583,26.9690075,400,400,378.0522766,27.33448983,31.24911404,70.58139039,80.70352173,500.3253021,1500.333557,183.9901886,101.0461235,-0.043555707,-0.665972591,1,-0.219565243,2.737391472,1,0,0.159999996,111115,0.833875504,0.003369951,304.8687662,301.6767659,240.0533638,0.622538994,4.700927672,46.52263629,15.27352225,30.12276602,4.291040526,0.219684077,3.157603357,1.133437169,0.139018911,24.12711116,0.632023545,68.4768772,370.0703481,0.03125363,0,304.87
261,Tabebuia,11.05,c.w,800,1,1,11,28,1,16,33.47,270.35,11.02580489,0.1785,3.029,1.7535,33.47,6,1.420000017,1,2.840000033,29.94343472,28.18872357,400,400,384.973587,30.52015686,34.02890015,72.52342987,80.86685181,500.3487549,1499.039673,470.7776337,100.9190941,0.080871582,-0.268333227,1,-0.219565243,2.737391472,1,0,0.159999996,111115,0.833914592,0.003029032,306.6211037,303.0934347,239.8463423,0.739801685,5.188038213,51.40791267,17.37901253,31.70726919,4.696846044,0.167574439,3.434165344,1.262680701,0.10564168,27.23054537,0.70092528,66.77539388,379.7042676,0.01951125,0,306.62
243,Tabebuia,10.70,w.w,800,1,1,111,40,1,1,41.815,276.25,9.466236511,0.175,5.37,3.06,41.815,6,1.420000017,1,2.840000033,40.69733239,40.04733277,400,399.5,385.6009064,44.42834091,50.53898812,58.30724526,66.32161713,500.2432099,1499.782288,221.696106,101.0002709,1.207641602,-1.744301677,0.666666672,-0.219565243,2.737391472,1,0,0.159999996,111115,0.833738683,0.005367815,314.9651818,313.8473324,239.9651607,-0.135565266,8.163714055,80.82863647,30.28964836,41.25625706,7.926088113,0.167428869,5.104451023,2.821637091,0.105571272,27.84401314,0.714977276,62.2115467,381.0728392,0.015586637,0,314.965
243,Tabebuia,9.70,c.c,400,2,1,21,27,1,1,30.425,274.65,16.11873701,0.295,3.99,1.455,30.425,6,1.420000017,1,2.840000033,28.49844647,26.96974945,400,399.5,378.1996766,24.14574433,28.79359913,62.46670533,74.48911667,500.3082428,1499.441163,157.491211,101.0637207,-0.825021744,-0.631249309,0.666666687,-0.219565243,2.737391472,1,0,0.159999996,111115,0.833847072,0.003990818,303.5766863,301.6484465,239.9105806,0.480792989,4.365991942,43.20038865,14.40678952,29.46256638,4.130686608,0.268894229,2.909988932,1.220697676,0.170449462,27.61913742,0.722690227,68.66135841,370.4309684,0.030397576,0,303.575
261,Tabebuia,10.51,c.w,800,2,1,21,27,1,18,32.11,204.9,11.84509679,0.113,1.52,1.355,32.11,6,1.420000017,1,2.840000033,28.95854568,27.11525726,400,400,385.1145325,32.42159271,34.18171692,81.55903625,85.98677063,500.343689,1499.072998,296.8555298,100.9283905,2.84569931,-0.08670786,1,-0.219565243,2.737391472,1,0,0.159999996,111115,0.833906148,0.001519725,305.2604126,302.1085457,239.8516743,1.581211999,4.805006009,47.60807128,13.42635436,30.53447914,4.393008691,0.108560833,3.449905673,0.943103018,0.068225415,20.59604247,0.529883656,71.71966774,379.4557403,0.022500152,0,305.26
263,Tabebuia,12.76,w.c,400,2,1,121,29,1,18,34.62166977,257.6,12.40222014,0.183729049,3.780252251,2.110245113,34.62166977,6,1.420000017,1,2.840000033,32.03873444,30.21800232,400,400,382.6878357,29.55477715,33.93481064,62.25650406,71.4829483,500.2660522,1498.742188,824.461853,100.806839,0.859857559,-0.422758758,0.666666687,-0.219565243,2.737391472,1,0,0.159999996,111115,0.833776754,0.003780252,307.7716698,305.1887344,239.7987446,0.479799882,5.531106105,54.86836171,20.93355107,33.3302021,5.146600955,0.17256523,3.420860992,1.725739962,0.108803624,25.75947308,0.667732201,62.50088991,376.6848088,0.020953808,0,307.7716698
243,Tabebuia,12.77,w.w,800,2,1,121,36,1,1,38.29,249.3,12.73638912,0.18,5.76,3.18,38.29,6,1.420000017,1,2.840000033,36.75368118,36.13483429,400,401,382.315979,28.85289383,35.51502609,46.80027771,57.60645676,500.3920898,1500.156494,159.9378662,100.9001083,-0.489925385,-1.082375407,1,-0.219565243,2.737391472,1,0,0.159999996,111115,0.833986816,0.005760723,311.4363426,309.9036812,240.0250337,-0.39330834,6.761280761,67.00964818,31.49462209,37.5200119,6.48605426,0.173534852,3.58346998,2.90258428,0.109420396,25.10095846,0.650693132,53.48741313,376.2339176,0.018189846,0,311.44
243,Tabebuia,10.13,c.c,400,3,1,31,27,1,1,30.225,249.1,17.45862227,0.255,3.55,1.495,30.225,6,1.420000017,1,2.840000033,28.50266457,26.9698,400,400,377.1152496,23.77947331,27.91892433,61.48679734,72.18737412,500.2413178,1499.432556,452.6643677,101.0349503,-1.170841217,-0.600276828,1,-0.219565243,2.737391472,1,0,0.159999996,111115,0.83373553,0.003550583,303.3765492,301.6526646,239.9092036,0.738208117,4.316205615,42.71992583,14.80100149,29.36460686,4.107410427,0.232700497,2.820785129,1.286625297,0.147222565,25.00908719,0.656499859,67.01200313,368.7098582,0.032222121,0,303.375
263,Tabebuia,12.22,w.c,400,3,1,131,29,1,15,34.31562424,227.1,12.49970853,0.1435266,3.162014141,2.234123876,34.31562424,6,1.420000017,1,2.840000033,30.73241043,29.116745,400,401,383.7328796,28.08976173,31.76637459,63.76060104,72.10610199,499.6286316,1500.295532,1330.948975,100.8511734,0.3026371,-0.334608734,1,-0.219565243,2.737391472,1,0,0.159999996,111125,0.832714386,0.003162014,307.4656242,303.8824104,240.0472798,0.660719782,5.437800028,53.91905562,22.15268103,32.52401733,4.918552383,0.136622058,3.203676152,1.714876231,0.085983386,22.64477705,0.585137701,59.1408682,377.683283,0.019928331,0,307.4656242
249,Tabebuia,9.64,c.c,400,4,1,41,25,1,1,28.19532013,280.75,20.93421719,0.442362224,4.536677927,1.159441744,28.19532013,6,1.420000017,1,2.840000033,26.05933953,25.01812935,400,400,372.6573792,21.21121502,26.50682259,63.31128693,79.11634064,500.3856964,1499.466126,99.92870332,101.0685616,-2.074569703,0.276701153,1,-0.219565243,2.737391472,1,0,0.159999996,111115,0.833976161,0.004536678,301.3453202,299.2093395,239.9145747,0.176052053,3.838449069,37.97863831,11.47181572,27.12732983,3.606103234,0.382744408,2.679007325,0.927095909,0.243941217,28.28564598,0.751000249,72.99740185,362.6008104,0.042593524,0,301.3453201
263,Tabebuia,13.18,w.c,400,5,1,151,30,1,13,36.43299103,266.9,10.00168484,0.15997749,3.947158364,2.498971914,36.43299103,6,1.420000017,1,2.840000033,32.73833084,30.98327827,400,400,385.2809448,31.30272484,35.86672211,63.34654999,72.58259583,500.2965393,1499.577637,1635.356812,100.7446365,0.870929718,-0.489756286,0.666666687,-0.219565243,2.737391472,1,0,0.159999996,111115,0.833827566,0.003947158,309.582991,305.8883308,239.9324165,0.226904797,6.112351797,60.67173407,24.80501196,34.58566093,5.520056109,0.151446493,3.613379882,1.906676227,0.095385248,26.6563486,0.686753995,59.33326872,380.4184495,0.0159544,0,309.582991
247,Tabebuia,10.22,w.w,800,5,1,151,24,1,1,27.84090614,277.2,11.08916253,0.188176245,2.670540489,1.490051297,27.84090614,6,1.420000017,1,2.840000033,25.66424179,25.01831055,400,401,385.91745,19.32698059,22.45742035,59.05629158,68.62509537,500.3613282,1500.135071,487.1163178,101.0800514,-2.279325486,0.300112516,1,-0.219565243,2.737391472,1,0,0.159999996,111115,0.833935547,0.002670541,300.9909062,298.8142418,240.0216053,1.144043877,3.760047674,37.1987515,14.74133115,26.75257397,3.527569712,0.176309483,2.269996377,1.257573335,0.11120065,27.67947678,0.709593521,61.69090531,380.6178751,0.018081234,0,300.9909061
247,Tabebuia,15.20,c.c,400,1,2,12,32,1,1,34.63307762,226.6,14.03559466,0.166167682,3.132718536,1.932324573,34.63307762,6,1.420000017,1,2.840000033,32.60504151,32.04925919,400,398,379.4553833,32.15454102,35.77609635,65.5033474,72.88017654,500.3273926,1498.86853,732.4913635,100.7697563,-0.958263397,-0.110103816,0.666666687,-0.219565243,2.737391472,1,0,0.159999996,111115,0.833878988,0.003132719,307.7830777,305.7550415,239.8189588,0.893401055,5.537456317,54.95168412,19.17558778,33.61905957,5.232012872,0.156832802,3.605131744,1.626881128,0.09881787,22.47117502,0.58766889,65.35675149,372.676631,0.025085115,0,307.7830776
261,Tabebuia,13.39,c.w,800,1,1,11,31,2,17,36.88,250.9,8.73808576,0.117,3.042,2.585,36.88,6,1.420000017,1,2.840000033,33.18410873,31.41017151,400,400,387.9497681,32.99512482,36.50922012,65.10957336,72.0439682,500.3937073,1500.691772,189.3037109,100.7296371,-0.632633209,-0.5312078,0.666666687,-0.219565243,2.737391472,1,0,0.159999996,111115,0.833989512,0.003041771,310.0272888,306.3341087,240.1106782,0.69190416,6.262771826,62.17407313,25.664853,35.03069878,5.657980659,0.112671026,3.677560496,1.980420163,0.070823295,25.18452658,0.644467506,58.30114026,383.7674834,0.013366172,0,310.03
243,Tabebuia,12.20,w.w,800,1,1,111,36,2,2,38.76,239.25,11.15631812,0.15,5.085,3.445,38.76,6,1.420000017,1,2.840000033,36.7103653,36.13484574,400,400.5,384.2646332,28.72193528,34.61075783,46.70732689,56.29177857,500.4183502,1500.343384,160.9430085,100.9405251,-0.653287888,-1.037884593,0.833333344,-0.219565243,2.737391472,1,0,0.159999996,111115,0.834030584,0.005086919,311.910252,309.8603653,240.0549361,-0.126136047,6.93821305,68.73559375,34.12483593,37.73530865,6.562911396,0.142204174,3.493630781,3.069280615,0.089551513,24.08399313,0.621114219,50.27051061,378.9333766,0.014923656,0,311.91
243,Tabebuia,14.35,c.c,400,2,1,21,34,2,2,36.805,240.5,15.30679446,0.205,5.12,2.525,36.805,6,1.420000017,1,2.840000033,34.84390068,33.99592018,400,399,378.1941986,30.9260931,36.84210205,55.64148712,66.2859726,500.4672546,1499.216614,241.2942276,100.7492714,-1.0782547,-1.095412136,0.833333344,-0.219565243,2.737391472,1,0,0.159999996,111115,0.834112091,0.005123383,309.95789,307.9939007,239.8746529,-0.128566217,6.239265074,61.92863969,25.08653764,35.82589531,5.91195511,0.194482445,3.711815003,2.200140108,0.122765279,24.04804413,0.631146556,60.30736685,370.8114511,0.025287617,0,309.955
243,Tabebuia,11.13,w.w,800,2,1,121,40,2,2,41.53,286.85,9.769998244,0.2,5.29,2.685,41.53,6,1.420000017,1,2.840000033,40.54586411,40.04299546,400,400,385.623169,47.05454827,53.05552101,62.25481224,70.19123459,500.4253693,1500.19989,196.7454148,100.9818345,1.465078354,-1.876252055,1,-0.219565243,2.737391472,1,0,0.159999996,111115,0.834042283,0.005286293,314.681046,313.6958641,240.0319771,-0.072449037,8.041967002,79.63775701,26.582236,41.03845501,7.834972249,0.186775903,5.357637993,2.477334257,0.117883189,28.91228373,0.742517791,66.58757751,380.9507042,0.017246195,0,314.68
243,Tabebuia,13.85,c.c,400,3,1,31,34,2,2,36.175,239.3,17.57903969,0.25,6.265,2.615,36.175,6,1.420000017,1,2.840000033,35.09712029,33.98384285,400,400.5,376.2601166,26.61458683,33.87184525,47.21841049,60.06130028,500.3631287,1500.482789,360.9459381,100.7778359,-0.978885651,-0.990229488,1,-0.219565243,2.737391472,1,0,0.159999996,111115,0.833938548,0.006267147,309.3256745,308.2471203,240.0772408,-0.582666767,6.028244819,59.81704392,25.94519868,35.63639736,5.851494088,0.231463178,3.413549584,2.437944505,0.146465291,23.95672649,0.632136636,58.11616844,367.7976662,0.028299504,0,309.325
243,Tabebuia,11.72,w.w,800,3,1,131,40,2,2,40.03,264.3,11.71349391,0.2,6.99,3.57,40.03,6,1.420000017,1,2.840000033,39.90776062,40.05510712,400,401,382.983551,30.15869331,38.21575928,41.27430725,52.30096817,500.3603821,1498.998291,212.9952545,100.9621811,0.161289215,-1.21310699,1,-0.219565243,2.737391472,1,0,0.159999996,111115,0.83393397,0.006986038,313.1827835,313.0577606,239.8397212,-0.810651954,7.426647654,73.55870856,35.34294928,39.97027206,7.401887496,0.186617347,3.858346409,3.543541087,0.117748074,26.63569031,0.688850711,52.45264449,377.3876278,0.016361987,0,313.18
249,Tabebuia,10.52,c.c,400,4,1,41,29,2,2,31.63818932,255.15,19.67689311,0.304308042,3.175264306,1.123577399,31.63818932,6,1.420000017,1,2.840000033,29.66383744,29.1286192,400,400,374.2767334,31.50293064,35.17670059,76.17589951,85.05873108,500.3274994,1499.413758,286.111145,101.049984,-1.412792206,0.152658642,1,-0.219565243,2.737391472,1,0,0.159999996,111115,0.833879166,0.003175265,304.7881893,302.8138375,239.9061958,0.892388919,4.678177052,46.29568616,11.11898557,30.65101338,4.422394243,0.274685177,3.554599653,0.86779459,0.174113358,25.65468084,0.678356361,77.37522543,364.817491,0.042234464,0,304.7881893
247,Tabebuia,11.71,w.w,800,5,1,151,27,2,2,29.79819012,252.1,10.71228354,0.145477489,2.652747396,1.884088259,29.79819012,6,1.420000017,1,2.840000033,27.53423882,26.97481156,400,401.5,386.7943726,19.92532921,23.03353882,54.51887894,63.02919769,500.3105927,1499.698975,596.243866,101.060196,-2.834918976,0.259982854,0.666666687,-0.219565243,2.737391472,1,0,0.159999996,111115,0.833850988,0.002652748,302.9481901,300.6842389,239.9518299,1.131378276,4.211865331,41.67672413,18.64318531,28.66621447,3.944941044,0.138200463,2.327777072,1.617163972,0.08700018,25.04149874,0.640697016,56.02266999,381.6738189,0.015830303,0,302.9481901
263,Tabebuia,13.79,w.c,400,3,3,133,30,2,16,33.17085266,211.9,12.50939738,0.129967339,3.066538645,2.390268504,33.17085266,6,1.420000017,1,2.840000033,30.74893951,30.09130096,400,400,383.6080627,23.30987549,26.89619446,52.82244492,60.94939041,499.2406616,1500.747314,11.28654766,100.7778702,-0.286155701,-0.22040242,1,-0.219565243,2.737391472,1,0,0.159999996,111115,0.832067769,0.003066539,306.3208527,303.8989395,240.1195649,0.881319013,5.100809697,50.61438278,23.71818832,31.95989609,4.764254949,0.124279899,2.710541193,2.053713756,0.07816665,21.06726496,0.544948241,53.38343472,377.5538878,0.018008068,0,306.3208527
247,Tabebuia,7.90,c.c,400,1,1,11,24,3,3,26.86024284,268.1,17.2910164,0.287988566,2.892207898,1.083896509,26.86024284,6,1.420000017,1,2.840000033,25.38469887,25.028265,400,401,378.1052551,21.03244781,24.41596413,65.2946701,75.79871368,500.3537598,1499.635498,110.6278076,100.9990616,-0.934528112,0.270437032,0.666666687,-0.219565243,2.737391472,1,0,0.159999996,111115,0.833922933,0.002892208,300.0102428,298.5346989,239.9416737,1.126773073,3.549885974,35.14771244,10.73174831,26.12247086,3.398789229,0.261473951,2.465989465,0.932799764,0.165613078,26.85686658,0.703275178,71.42691074,369.7793229,0.033832702,0,300.0102428
249,Tabebuia,8.54,c.c,400,2,1,21,25,3,3,28.17243099,267.55,20.82555362,0.365577403,2.789092943,0.84055415,28.17243099,6,1.420000017,1,2.840000033,25.90699768,25.01985836,400,400,373.4106598,26.38633919,29.63189602,79.41119004,89.18041992,500.3403931,1498.883484,177.6576233,100.9970589,1.526983261,0.552566707,0.666666687,-0.219565243,2.737391472,1,0,0.159999996,111115,0.833900655,0.002789093,301.322431,299.0569977,239.8213521,1.066461434,3.833291356,37.9544566,8.322560582,27.03971434,3.587570962,0.323806177,2.992737206,0.594833755,0.205757717,26.91273755,0.713573699,79.89229915,363.405584,0.046276354,0,301.322431
261,Tabebuia,14.61,c.w,800,2,1,21,32,3,20,36.14,269.8,8.039193111,0.127,3.334,2.625,36.14,6,1.420000017,1,2.840000033,33.96001816,32.16594315,400,401,389.043457,29.81949425,33.68333435,56.28955078,63.58322906,500.3124084,1499.864868,87.09027863,100.6340179,-0.741043091,-0.468253851,1,-0.219565243,2.737391472,1,0,0.159999996,111115,0.833854014,0.003334185,309.2888969,307.1100182,239.9783735,0.763419446,6.014518955,59.76626073,26.08292638,35.04945755,5.663859507,0.121857336,3.389689273,2.274170233,0.076633507,27.07388825,0.691524711,56.18368581,385.1932309,0.011814148,0,309.29
247,Tabebuia,9.31,w.w,800,2,1,121,24,3,3,28.30402088,250.35,14.192402,0.192119837,2.235329384,1.213647106,28.30402088,6,1.420000017,1,2.840000033,25.71919918,25.01675701,400,400.5,381.8646241,23.59635067,26.206913,71.87620926,79.82567215,500.292923,1500.084412,409.3365631,101.0820732,-1.194778443,0.314412862,1,-0.219565243,2.737391472,1,0,0.159999996,111115,0.833821539,0.00223533,301.4540209,298.8691992,240.0134999,1.312765377,3.862696466,38.21347583,12.00656284,27.01161003,3.581641401,0.179913304,2.64904936,0.932592041,0.113482116,24.97461407,0.647019425,69.59786526,375.0905094,0.026438055,0,301.4540209
247,Tabebuia,8.87,c.c,400,3,1,31,24,3,3,27.91362953,265.5,22.9116782,0.410613908,3.37631946,0.92004558,27.91362953,6,1.420000017,1,2.840000033,25.742033,25.01913261,400,400,370.5271301,24.31969452,28.25390244,73.96974182,85.93585968,500.368866,1500.953247,356.821106,101.0737762,0.556129456,0.368577749,0.666666687,-0.219565243,2.737391472,1,0,0.159999996,111115,0.83394811,0.003376319,301.0636295,298.892033,240.1525135,0.778740159,3.775774192,37.35661547,9.102713033,26.82783127,3.543126938,0.358745619,2.855728612,0.687398326,0.228362699,26.67291714,0.712216469,77.9888692,359.5310226,0.050178747,0,301.0636295
261,Tabebuia,15.37,c.w,800,3,1,31,32,3,15,37.54,220.6,11.41489538,0.127,3.71,2.908,37.54,6,1.420000017,1,2.840000033,33.606987,32.03701782,400,400,384.1877747,31.3498745,35.63962173,60.32632065,68.58104706,500.4329529,1500.796387,151.7918549,100.58255,-0.896842957,-0.526204824,0.666666687,-0.219565243,2.737391472,1,0,0.159999996,111115,0.834054921,0.003710112,310.6899017,306.756987,240.1274165,0.310106391,6.493072803,64.5546648,28.91504306,35.57344437,5.830232291,0.121882778,3.584724037,2.245508254,0.076649606,22.11559296,0.572311411,54.8698412,378.7336152,0.016623109,0,310.69
247,Tabebuia,9.82,w.w,800,3,1,131,24,3,3,27.71986389,221.5,10.71486491,0.112121985,1.673645941,1.522111718,27.71986389,6,1.420000017,1,2.840000033,25.44418716,25.02010345,400,401,387.0837402,19.91460609,21.87791252,61.64925766,67.72702789,500.2876892,1500.343262,355.2509766,101.0697098,-2.193191528,0.32027033,1,-0.219565243,2.737391472,1,0,0.159999996,111115,0.833812815,0.001673646,300.8698639,298.5941872,240.0549159,1.650535138,3.733305988,36.93793121,15.06001869,26.58202553,3.492231829,0.107863577,2.211194269,1.281037559,0.067784817,21.84091258,0.558270697,59.58894008,381.9619171,0.016809498,0,300.8698639
249,Tabebuia,15.04,c.c,400,4,1,41,35.5,3,3,36.88052941,274.65,19.0731733,0.385043155,6.300493002,1.785806743,36.88052941,6,1.420000017,1,2.840000033,35.92981148,35.55749703,400,400,373.9882813,37.30262184,44.52017975,63.10606956,75.31611252,500.4241181,1499.667237,336.3525086,100.5871239,-1.505664825,-0.419069111,1,-0.219565243,2.737391472,1,0,0.159999996,111115,0.834040197,0.006300493,310.0305294,309.0798115,239.9467525,-0.583254196,6.263957876,62.2739283,17.75374855,36.40517044,6.103056272,0.338393537,4.478151134,1.624905138,0.215238201,27.52278661,0.731673087,73.45542136,364.8160801,0.038874857,0,310.0305294
264,Tabebuia,10.13,w.c,400,5,1,151,25,3,15,29.47845078,280.5,11.70812645,0.205506233,2.461987163,1.251319702,29.47845078,6,1.420000017,1,2.840000033,26.39098167,25.02101898,400,400,384.1062317,25.70303917,28.57138824,75.11200714,83.4941864,500.2832031,1498.716309,499.1928711,100.9104691,3.052228928,0.118560106,1,-0.219565243,2.737391472,1,0,0.159999996,111115,0.833805339,0.002461987,302.6284508,299.5409817,239.794604,1.117452489,4.134471891,40.9716844,12.40029616,27.93471622,3.780421158,0.191638978,2.883152189,0.897268969,0.120947557,28.12173824,0.725528678,70.76002708,378.4328335,0.022316548,0,302.6284508
248,Tabebuia,8.82,w.w,800,5,1,151,32,3,3,34.44111443,296.1,14.57787799,0.335298459,4.218799785,1.353999266,34.44111443,6,1.420000017,1,2.840000033,32.56296158,32.0463543,400,400,380.1710815,35.94135666,40.79415894,73.67243577,83.62009812,500.3346253,1498.999329,198.8787842,101.043953,-0.108922958,-0.124117107,1,-0.219565243,2.737391472,1,0,0.159999996,111115,0.833891042,0.0042188,307.5911145,305.7129616,239.8398873,0.356040165,5.476003667,54.19425963,13.4001007,33.502038,5.196428114,0.299888611,4.122004401,1.074423713,0.190319592,29.88570542,0.777991996,76.78161413,373.2139755,0.030110124,0,307.5911144
247,Tabebuia,14.82,c.c,400,2,2,22,32,3,3,33.89685059,233.8,16.7053811,0.217411495,4.471276926,2.13742325,33.89685059,6,1.420000017,1,2.840000033,32.64043045,32.03191757,400,398,375.5215454,26.30999947,31.50244904,53.55780792,64.12779236,500.3905029,1500.112305,80.12070465,100.7833252,-1.257915497,-0.039617747,0.666666687,-0.219565243,2.737391472,1,0,0.159999996,111115,0.833984172,0.004471277,307.0468506,305.7904305,240.0179628,0.318946218,5.312344816,52.71055312,21.20810408,33.26864052,5.128868172,0.201951437,3.174921566,1.953946606,0.127523192,23.28629353,0.615285704,60.98321387,367.4745516,0.028093205,0,307.0468506
247,Tabebuia,12.33,c.c,400,1,1,11,27,4,4,31.9266243,238.9,16.44249462,0.216160776,4.127133532,1.99706712,31.9266243,6,1.420000017,1,2.840000033,28.55523109,26.97053719,400,401,378.6149597,22.50796127,27.32099915,57.97580338,70.3731842,500.4377136,1501.153931,1143.539551,100.9560623,-1.930080414,0.136594564,1,-0.219565243,2.737391472,1,0,0.159999996,111115,0.834062856,0.004127134,305.0766243,301.7052311,240.184623,0.206585595,4.755287612,47.10254644,19.78154729,30.2409277,4.319765554,0.200871829,2.758220492,1.561545062,0.126834466,23.84130792,0.623734698,59.4652738,370.6922641,0.026736678,0,305.0766243
262,Tabebuia,9.81,c.w,800,1,1,11,33,4,19,37.12001801,303.4,12.17282627,0.312540022,5.637269793,1.914217915,37.12001801,6,1.420000017,1,2.840000033,34.37632751,33,400,400,382.4304199,37.4225502,43.8840065,69.26992798,81.23022461,500.495575,1501.420898,217.2859497,100.9953613,3.942930222,-0.73309052,1,-0.219565243,2.737391472,1,0,0.159999996,111115,0.834159292,0.00563727,310.270018,307.5263275,240.2273384,-0.503440339,6.346299008,62.83752961,18.95352311,35.74817276,5.886646914,0.281555082,4.432081093,1.454565821,0.178516002,30.61067029,0.792535969,71.29589044,376.6162326,0.023154695,0,310.270018
249,Tabebuia,14.13,c.c,400,2,1,21,35,4,4,35.71602249,300,21.43898145,0.641110238,6.963593908,1.271819646,35.71602249,6,1.420000017,1,2.840000033,35.28343964,34.97485733,400,400,370.8516541,37.75738144,45.72455025,66.26903916,80.25143051,500.4466705,1498.900208,342.2359162,100.7002602,-1.724315644,-0.391885579,1,-0.219565243,2.737391472,1,0,0.159999996,111115,0.834077784,0.006963594,308.8660225,308.4334397,239.8240279,-0.849050769,5.876294878,58.35433722,12.62978697,35.49973107,5.806609571,0.523001697,4.604475232,1.202134339,0.335767427,30.14608594,0.807233567,81.37372145,360.5555274,0.048883138,0,308.8660225
264,Tabebuia,9.09,w.c,400,2,1,121,25,4,21,27.67281628,282.2,15.9040259,0.308657205,3.578829026,1.25783565,27.67281628,6,1.420000017,1,2.840000033,25.83050728,25.02317715,400,400.5,379.0164337,20.23636628,24.42327023,61.14249229,73.79610825,500.338974,1499.861817,212.5695191,100.9477844,0.441473007,-0.036063884,1,-0.219565243,2.737391472,1,0,0.159999996,111115,0.83389829,0.003578829,300.8228163,298.9805073,239.9778853,0.71689948,3.723311469,36.88353196,12.46026174,26.75166178,3.527408914,0.278398567,2.465475819,1.061933095,0.176486183,28.35939494,0.741213971,68.55754857,371.3496136,0.029776627,0,300.8228163
247,Tabebuia,11.26,w.w,800,2,1,121,27,4,4,29.99235821,242.45,14.17742671,0.182857685,3.106831589,1.763883353,29.99235821,6,1.420000017,1,2.840000033,27.68367672,26.9804287,400,401.5,382.5536499,21.03978729,24.68000031,57.10049248,66.97277451,499.4537659,1500.248779,615.8562317,101.0879174,-2.353721619,0.220858366,0.833333344,-0.219565243,2.737391472,1,0,0.159999996,111115,0.832422943,0.003106832,303.1423582,300.8336767,240.0397987,0.889863692,4.258731805,42.12896371,17.4489634,28.83801747,3.984327661,0.17175496,2.494848451,1.48947921,0.108291847,24.16143433,0.624785399,59.75456399,375.7865537,0.022626991,0,303.1423582
247,Tabebuia,13.20,c.c,400,3,1,31,27,4,4,31.02903366,268.65,19.58200564,0.35945925,5.089307105,1.561646943,31.02903366,6,1.420000017,1,2.840000033,29.22268772,27.39331532,400,400.5,374.5166168,23.38741684,29.31194592,57.9235878,72.60490036,500.2966309,1500.001709,331.5904083,100.8943062,-1.125293732,0.086171896,0.666666672,-0.219565243,2.737391472,1,0,0.159999996,111115,0.833827719,0.005089307,304.1790337,302.3726878,240.0002675,-0.072313274,4.51905689,44.79002842,15.47808251,30.1258607,4.291513456,0.318543636,2.957409948,1.334103509,0.202396814,26.92425902,0.712567674,68.13271846,365.1024283,0.036992737,0,304.1790337
264,Tabebuia,9.57,w.c,400,3,1,131,25,4,18,27.71219063,274.4,14.99766048,0.25848689,2.701251023,1.114295402,27.71219063,6,1.420000017,1,2.840000033,25.89940548,25.01948548,400,400,380.4428253,22.77536774,25.93138695,68.5357132,78.03210068,500.2311097,1500.474365,351.9355164,100.9332772,0.770998002,-0.017670367,0.666666687,-0.219565243,2.737391472,1,0,0.159999996,111115,0.833718516,0.002701251,300.8621906,299.0494055,240.0758931,1.17875876,3.73163403,36.97129364,11.03990669,26.80579806,3.538541064,0.236917968,2.617338629,0.921202436,0.149871394,27.54978216,0.717458249,71.74265825,373.206539,0.02926435,0,300.8621906
247,Tabebuia,10.81,w.w,800,3,1,131,27,4,4,29.94755173,218.25,11.93208733,0.124448749,2.074890882,1.702034142,29.94755173,6,1.420000017,1,2.840000033,27.54076767,26.9858141,400,402,386.2264557,22.75325203,25.18311024,62.25723648,68.90771103,499.4511872,1499.568176,431.1866303,101.091568,-2.257492066,0.229011327,0.666666687,-0.219565243,2.737391472,1,0,0.159999996,111115,0.832418646,0.002074891,303.0975517,300.6907677,239.9309022,1.410677375,4.247834929,42.01965973,16.83654949,28.7441597,3.962721118,0.119205775,2.545800788,1.416920331,0.074957501,21.57092246,0.552497677,60.28023655,380.5261493,0.018999304,0,303.0975517
251,Tabebuia,15.32,c.c,400,4,1,41,37,4,4,40.08198166,272.55,13.71836391,0.244101625,4.801375267,2.020923409,40.08198166,6,1.420000017,1,2.840000033,38.40489197,37.1058693,400,400.5,381.1333924,48.54741669,53.9928608,71.68657303,79.72671128,500.4337463,1499.776551,169.0352249,100.4811516,2.64714241,-0.719131232,1,-0.219565243,2.737391472,1,0,0.159999996,111115,0.834056244,0.004801375,313.2319817,311.554892,239.9642427,0.071795524,7.446185359,74.10529386,20.11243307,39.24343682,7.119205788,0.2244387,5.42526195,1.693943838,0.141915389,27.2266051,0.710985194,73.28443842,374.505072,0.02732924,0,313.2319817
248,Tabebuia,10.14,w.w,800,5,1,151,34.5,4,4,37.84313774,299.85,14.22873082,0.36108217,6.011563672,1.789504609,37.84313774,6,1.420000017,1,2.840000033,35.65612793,34.57951355,400,400,379.7979584,40.75782586,47.62235833,70.31876374,82.16149139,500.4124146,1498.81543,615.2679749,101.0590058,0.322753907,-0.443144054,0.833333344,-0.219565243,2.737391472,1,0,0.159999996,111115,0.834020691,0.006011564,310.9931378,308.8061279,239.8104634,-0.620726498,6.602184309,65.32981875,17.70746042,36.74963284,6.219839992,0.320351226,4.8126797,1.407160293,0.203519651,30.27360639,0.788746572,74.51635661,373.0068741,0.028540018,0,310.9931377
247,Tabebuia,13.77,c.c,400,1,1,11,30,5,5,33.29545212,219.7,15.09457843,0.172202703,3.635222189,2.166847042,33.29545212,6,1.420000017,1,2.840000033,30.93142509,30.09114456,400,398,377.8916016,25.22264481,29.45291901,56.59389496,66.0856781,500.414978,1500.864258,564.0620728,100.8299942,-1.906391144,0.05063799,0.666666687,-0.219565243,2.737391472,1,0,0.159999996,111115,0.834024963,0.003635222,306.4454521,304.0814251,240.1382753,0.595465611,5.136584695,50.94302282,21.49010381,32.11343861,4.805828377,0.162358156,2.969737653,1.836090724,0.102314665,21.80952739,0.572386355,58.56128451,370.6097969,0.024205681,0,306.4454521
262,Tabebuia,10.22,c.w,800,1,1,11,33.5,5,20,37.40382385,289,10.47532576,0.213830344,4.576699947,2.201215813,37.40382385,6,1.420000017,1,2.840000033,34.720047,33.6,400,400,384.6968689,36.76660538,42.02470016,66.76327515,76.3112793,500.2989502,1501.139771,180.1148529,100.9875259,3.092027664,-0.740052342,1,-0.219565243,2.737391472,1,0,0.159999996,111115,0.833831584,0.0045767,310.5538239,307.870047,240.1823579,0.04841111,6.445186311,63.82160817,21.79690801,36.06193542,5.989142726,0.198857863,4.243970498,1.745172228,0.125549878,29.13685453,0.749991397,66.46368323,379.6892615,0.018440426,0,310.5538239
249,Tabebuia,14.19,c.c,400,2,1,21,35,5,5,35.80676651,298.3,21.50452648,0.627323219,7.094125019,1.317781839,35.80676651,6,1.420000017,1,2.840000033,35.32936859,34.97421265,400,400,370.7353516,37.44322586,45.56300735,65.54488373,79.75866699,500.3259277,1498.821411,348.2148743,100.6932907,-1.80406189,-0.391502202,1,-0.219565243,2.737391472,1,0,0.159999996,111115,0.833876546,0.007094125,308.9567665,308.4793686,239.8114204,-0.922937517,5.905670984,58.65009419,13.08708683,35.56806755,5.828503752,0.513825171,4.587889145,1.240614607,0.329715943,29.92734898,0.801684918,80.71859126,360.3383281,0.048995559,0,308.9567665
264,Tabebuia,10.59,w.c,400,2,1,121,26,5,22,29.94383621,249.5,17.14742754,0.240671223,2.61414812,1.145701828,29.94383621,6,1.420000017,1,2.840000033,27.418293,26.00531006,400,400,377.6318359,27.69152832,30.72983742,76.18293762,84.54171753,500.3735352,1499.818237,470.282196,100.9124451,5.228780746,0.259984285,0.333333343,-0.219565243,2.737391472,1,0,0.159999996,111115,0.833955892,0.002614148,303.0938362,300.568293,239.9709126,1.115010001,4.246724859,42.08326194,11.35342452,28.68106461,3.948144065,0.22186927,3.10102303,0.847121035,0.14024325,25.01969329,0.65655128,74.18948733,369.3742611,0.034890953,0,303.0938362
248,Tabebuia,7.90,w.w,800,2,1,121,30,5,5,32.08416367,283.2,17.31464543,0.352465101,4.193431756,1.293838422,32.08416367,6,1.420000017,1,2.840000033,30.75463963,30.10170174,400,400,377.1244202,29.84608841,34.6998806,67.74807358,78.76671982,500.4221649,1498.962464,142.9225464,100.9838715,-0.498427749,-0.005016529,1,-0.219565243,2.737391472,1,0,0.159999996,111115,0.834036942,0.004193432,305.2341637,303.9046397,239.8339888,0.454165026,4.797970735,47.51223619,12.81235559,31.41940165,4.620418005,0.31353959,3.504132312,1.116285693,0.199123315,28.57001168,0.750194407,74.97601866,368.8668247,0.035308214,0,305.2341637
249,Tabebuia,9.07,c.c,400,3,1,31,25,5,5,27.24755288,286.85,23.14225856,0.562830908,4.883616374,1.01875325,27.24755288,6,1.420000017,1,2.840000033,25.89198494,25.01675797,400,399.5,369.2215271,20.16150189,25.86678601,60.74247551,77.93135834,500.3036957,1500.86084,216.3870468,101.011406,-1.919490814,0.278511226,1,-0.219565243,2.737391472,1,0,0.159999996,111115,0.833839493,0.004883617,300.3975529,299.041985,240.137729,0.106790689,3.631593713,35.95231533,10.08552932,26.56976891,3.489730202,0.469648962,2.612840463,0.87688974,0.300685474,28.90456608,0.775009337,75.83977392,358.1160882,0.049480997,0,300.3975529
248,Tabebuia,8.37,w.w,800,3,1,131,31,5,5,32.80858422,272.7,14.32647754,0.241982153,2.901787962,1.258109493,32.80858422,6,1.420000017,1,2.840000033,31.47948647,31.07332421,400,400,381.0711213,33.6660862,37.01726723,73.36542893,80.66840744,500.308075,1499.046387,131.0497551,101.0325928,-0.46633339,-0.029367648,1,-0.219565243,2.737391472,1,0,0.159999996,111115,0.833846792,0.002901788,305.9585842,304.6294865,239.8474166,1.120136391,4.998060112,49.46977619,12.45250896,32.14403534,4.814167159,0.222979914,3.739950619,1.074216539,0.140953557,27.50808845,0.714489054,75.75642202,374.2333886,0.029118347,0,305.9585842
248,Tabebuia,11.55,w.w,800,5,1,151,36,5,5,41.51765068,272.8,10.74810212,0.19100552,5.303819236,2.809930762,41.18765068,6,1.420000017,1,2.840000033,37.7206192,36.13420296,400,400,383.9817353,44.32639122,50.3666935,68.28558731,77.5933075,500.3252564,1500.389588,312.6060868,101.0194474,0.274709702,-0.631723643,0.833333344,-0.219565243,2.737391472,1,0,0.159999996,111115,0.833875427,0.00530382,314.3376507,310.8706192,240.0623286,-0.457165954,7.897942092,78.18251216,27.81581866,39.45413494,7.20043747,0.178872761,5.088011331,2.112426139,0.11282522,27.50721759,0.709163631,64.37633686,378.8445674,0.018374754,0,314.6676507
249,Tabebuia,8.08,c.c,400,1,1,11,25,6,6,27.47007465,281.25,17.3840234,0.349497194,3.502041927,1.09441281,27.47007465,6,1.420000017,1,2.840000033,25.72142887,25.01720238,400,400,377.376709,21.51509667,25.60842609,65.45572663,77.88833618,500.2590637,1500.600098,204.4143067,100.9336777,-1.531624079,0.260620296,0.833333344,-0.219565243,2.737391472,1,0,0.159999996,111115,0.833765106,0.003502042,300.6200747,298.8714289,240.0960103,0.771741655,3.679174299,36.45140512,10.84297902,26.59575176,3.495068703,0.310153734,2.58476149,0.910307214,0.19702559,28.26755668,0.742199814,72.68454915,369.0067226,0.034671784,0,300.6200747
262,Tabebuia,10.63,c.w,800,1,1,11,35,6,21,38.34429169,303.6,10.83108117,0.274836398,5.741267854,2.183485977,38.34429169,6,1.420000017,1,2.840000033,36.02287674,35,400,400,384.3168335,38.96570206,45.53825378,65.8473587,76.95418549,500.2459412,1498.546265,433.2193298,100.9923019,2.942958832,-0.904729009,1,-0.219565243,2.737391472,1,0,0.159999996,111115,0.833743235,0.005741268,311.4942917,309.1728767,239.767397,-0.503655952,6.782499053,67.15857469,21.62032091,37.18358421,6.368332344,0.250586314,4.599013076,1.769319268,0.158628446,30.62315918,0.788991479,68.89486498,379.1401726,0.019788886,0,311.4942917
247,Tabebuia,8.35,c.c,400,2,1,21,24,6,6,26.5260849,301.1,19.75585274,0.526852416,3.240237198,0.714143613,26.5260849,6,1.420000017,1,2.840000033,25.62594796,25.02287293,400,400.5,374.5298157,23.602952,27.38249493,72.25713349,83.82803727,500.3012695,1499.648255,171.4695588,101.0358277,-0.184474945,0.295799047,1,-0.219565243,2.737391472,1,0,0.159999996,111115,0.833835449,0.003240237,299.6760849,298.775948,239.9437147,1.024493163,3.480758518,34.4507264,7.068231472,26.07601643,3.389477544,0.444389346,2.766614906,0.622862638,0.28413609,30.29718007,0.800643342,82.13870608,365.0329859,0.044956281,0,299.6760849
262,Tabebuia,11.48,c.w,800,2,1,21,35.5,6,23,40.82000351,249.2,7.730164808,0.102390374,3.013837764,2.885490051,40.82000351,6,1.420000017,1,2.840000033,37.07362366,35.5,400,400,389.2484131,44.70800018,48.14841843,71.27603149,76.76094055,500.2984009,1500.330688,322.8422241,100.9205933,3.178783417,-0.998562932,1,-0.219565243,2.737391472,1,0,0.159999996,111115,0.833830668,0.003013838,313.9700035,310.2236237,240.0529048,0.672620953,7.744657004,76.74010579,28.59168737,38.94681358,7.006560833,0.098827357,4.859166952,2.147393881,0.062077627,25.05578783,0.637824823,61.64355524,385.5450539,0.012456412,0,313.9700035
264,Tabebuia,11.04,w.c,400,2,1,121,27,6,23,31.07044983,270.4,15.31477791,0.25778786,3.327788821,1.366472269,31.07044983,6,1.420000017,1,2.840000033,28.43531227,26.97833443,400,400,380.0346375,27.48477745,31.35109138,71.24430084,81.26631165,500.2375488,1499.828247,738.15625,100.8915253,2.371023178,0.019376069,0.333333343,-0.219565243,2.737391472,1,0,0.159999996,111115,0.833729248,0.003327789,304.2204498,301.5853123,239.9725142,0.72436306,4.529531698,44.89506612,13.54397473,29.75288105,4.200348376,0.23633559,3.163059429,1.037288947,0.149498101,27.1262103,0.707475257,71.24623747,372.6476972,0.029710684,0,304.2204498
248,Tabebuia,9.28,w.w,800,2,1,121,33,6,6,35.23974037,290.35,17.91804458,0.409208299,4.903412595,1.315918553,35.23974037,6,1.420000017,1,2.840000033,33.65938187,33.02228356,400,400.5,376.213028,37.9967041,43.61937523,73.24486161,84.08337021,500.4223786,1499.273072,323.7849121,101.0558281,0.185224533,-0.225872249,1,-0.219565243,2.737391472,1,0,0.159999996,111115,0.834037298,0.004903413,308.3897404,306.8093819,239.8836861,0.044642291,5.723910252,56.6410752,13.02169997,34.44956112,5.478520461,0.357671838,4.407991699,1.070528762,0.227666604,29.31478911,0.771065127,78.84503542,367.6687359,0.038546028,0,308.3897404
249,Tabebuia,14.56,c.c,400,3,1,31,35,6,6,36.26366997,271.3,20.47646784,0.407602518,5.92147974,1.623489572,36.26366997,6,1.420000017,1,2.840000033,35.40777588,34.97338867,400,400.5,372.9019775,37.26178169,44.04888535,64.90808487,76.73351288,500.3840179,1499.358887,350.3040009,100.6351776,-2.417411804,-0.368615925,1,-0.219565243,2.737391472,1,0,0.159999996,111115,0.833973364,0.00592148,309.41367,308.5577759,239.8974165,-0.374712209,6.05636376,60.18146125,16.13257591,35.83572293,5.915256377,0.354505062,4.432874189,1.482382188,0.225775052,27.20245013,0.725073907,75.22155664,363.0629473,0.043047627,0,309.41367
268,Tabebuia,9.63,w.c,400,3,1,131,32,6,20,35.6738739,205.3,11.32449672,0.112294691,2.904953523,2.588998277,35.6738739,6,1.420000017,1,2.840000033,32.88547516,32.04708099,400,400,384.7301636,29.08592796,32.46255112,58.43182755,65.21525574,499.4311523,1500.834473,334.9293823,100.8424149,0.806938171,-0.419295311,0.666666687,-0.219565243,2.737391472,1,0,0.159999996,111115,0.832385254,0.002904954,308.8238739,306.0354752,240.1335103,0.899990948,5.862600324,58.13625479,25.67370367,34.27967453,5.426930155,0.108023404,3.273602047,2.153328108,0.067885809,20.37128175,0.525072026,55.50277638,379.2389877,0.01690642,0,308.8238739
248,Tabebuia,9.70,w.w,800,3,1,131,34,6,6,37.24619484,258.6,14.09273171,0.218663171,3.971215896,1.906018191,37.24619484,6,1.420000017,1,2.840000033,34.78539849,33.99908257,400,400,380.9036103,39.84859467,44.39928436,72.13316346,80.37612152,500.3512116,1499.466004,401.8665619,101.0386505,-0.324747086,-0.314560145,0.833333344,-0.219565243,2.737391472,1,0,0.159999996,111115,0.833918686,0.003971216,310.3961948,307.9353985,239.9145552,0.389250381,6.392061978,63.26353455,18.86425018,36.01579666,5.9747361,0.202555365,4.486043787,1.488692313,0.127949426,26.08256328,0.677881687,70.75700975,374.1770127,0.026846368,0,310.3961948
265,Tabebuia,9.96,w.c,400,5,1,151,32,6,18,34.78,296.7,11.79965694,0.257402527,4.460819766,1.817965176,34.77964401,6,1.420000017,1,2.840000033,32.8735733,32,400,403,385.9797363,32.14951324,37.29948425,64.63779449,74.99200439,500.3251648,1499.149902,578.8797607,100.8551712,1.738231659,-0.571314812,1,-0.219565243,2.737391472,1,0,0.159999996,111115,0.833875275,0.00446082,307.929644,306.0235733,239.863979,0.226496563,5.579811046,55.3249871,18.02550285,33.82660866,5.291550328,0.236011681,3.76184587,1.529704458,0.14929073,29.77625251,0.764904759,68.67575955,380.2624174,0.021721863,0,307.93
249,Tabebuia,12.11,w.w,800,5,1,151,34,6,6,35.63627116,289.6333333,13.4538349,0.281782688,4.043833018,1.529189012,35.63627116,6,1.420000017,1,2.840000033,34.14724858,33.99836731,400,400.6666667,382.1092936,38.16453679,42.80577087,71.51651001,80.21229299,500.3579305,1499.734375,247.9605204,100.9519475,-1.531547547,-0.22638303,1,-0.219565243,2.737391472,1,0,0.159999996,111115,0.833929884,0.004043833,308.7862711,307.2972486,239.9574946,0.500358904,5.850522757,57.95355417,15.14778329,34.89175987,5.614635624,0.255821696,4.321333746,1.293301878,0.162031145,29.20227416,0.757103429,74.9347083,375.6862224,0.027017856,0,308.7862712
249,Tabebuia,10.08,c.c,400,1,1,11,27,7,7,29.73422051,295,18.8354748,0.476568058,5.4336073,1.298597241,29.73422051,6,1.420000017,1,2.840000033,27.76596642,26.9795208,400,399.5,374.2944641,22.33395672,28.66382504,60.30367661,77.39578248,500.2826844,1499.223938,376.4302826,101.0772095,-2.536142349,0.173074901,1,-0.219565243,2.737391472,1,0,0.159999996,111115,0.833804474,0.005433608,302.8842205,300.9159665,239.8758247,-0.271710453,4.195856762,41.5114025,12.84757747,28.75009346,3.963990653,0.408088494,2.897259521,1.066731133,0.260434822,29.73121393,0.785861076,72.53298611,365.2351881,0.037848374,0,302.8842205
262,Tabebuia,14.22,c.w,800,1,1,11,36,7,22,39.86761856,263.3,8.136484677,0.124845921,3.728297565,2.954105065,39.86761856,6,1.420000017,1,2.840000033,37.04585266,36.1,400,400,387.6672058,39.5177002,43.79243469,62.92156219,69.72795105,500.3856506,1498.964844,195.3958588,100.6401596,1.68888092,-0.876278996,0.666666687,-0.219565243,2.737391472,1,0,0.159999996,111115,0.833976084,0.003728298,313.0176186,310.1958527,239.8343696,0.448064407,7.361382682,73.14557837,29.35314368,38.45673561,6.823835711,0.119588816,4.407277617,2.416558094,0.075198195,26.42292688,0.677252383,59.17293755,383.7709352,0.012638186,0,313.0176186
247,Tabebuia,12.81,c.c,400,2,1,21,27,7,7,31.35110855,264.6,19.65791481,0.345369,5.533721004,1.746680466,31.35110855,6,1.420000017,1,2.840000033,28.4058075,26.96968842,400,401,374.1704712,21.84940338,28.2969017,56.75144958,73.49812317,500.3925781,1500.921387,378.6344299,100.9228516,-1.138690948,0.120542318,0.666666687,-0.219565243,2.737391472,1,0,0.159999996,111115,0.83398763,0.005533721,304.5011086,301.5558075,240.1474159,-0.460421446,4.602484477,45.60398764,17.30708594,29.87845803,4.230796744,0.307922869,2.855804011,1.374992733,0.195498815,26.51699049,0.702207088,64.86571763,364.7202731,0.03535744,0,304.5011086
264,Tabebuia,11.52,w.c,400,2,1,121,29,7,24,32.76794052,271.8,15.26097918,0.264133773,3.804966887,1.521345168,32.76794052,6,1.420000017,1,2.840000033,30.45300102,29.12319756,400,400,379.7598267,29.95461464,34.36103439,69.08701324,79.24993134,500.3006287,1499.659546,1131.839844,100.8485336,1.582494736,-0.218170851,0.666666687,-0.219565243,2.737391472,1,0,0.159999996,111115,0.833834381,0.003804967,305.9179405,303.603001,239.945522,0.514614231,4.986605101,49.44648099,15.08544659,31.61047077,4.670809139,0.241658373,3.465259933,1.205549206,0.152906813,27.26874942,0.712010852,70.86657414,372.3985193,0.029469517,0,305.9179405
248,Tabebuia,10.65,w.w,800,2,1,121,35,7,7,35.76527405,293.7,16.90901412,0.404346621,5.854366035,1.587477015,35.76527405,6,1.420000017,1,2.840000033,35.23207855,34.97044754,400,401,377.4449463,35.86643219,42.58864594,63.36347198,75.2392807,500.2848816,1501.073975,302.923584,101.0766296,-1.2233181,-0.353557795,0.666666687,-0.219565243,2.737391472,1,0,0.159999996,111115,0.833808136,0.005854366,308.915274,308.3820786,240.1718306,-0.288961947,5.892193807,58.2943241,15.70567816,35.4986763,5.806235781,0.353952441,4.304716792,1.501518989,0.225255898,29.65673981,0.777354362,75.16296305,369.3801224,0.034523104,0,308.9152741
251,Tabebuia,14.91,c.c,400,3,1,31,36,7,7,39.47203446,280.9,14.35136664,0.286055457,4.971352211,1.821813729,39.47203446,6,1.420000017,1,2.840000033,37.61070252,36.13266945,400,400,380.0905152,47.93788719,53.57860947,73.92382813,82.62495041,500.4503937,1498.640137,188.0995102,100.5157738,3.083797455,-0.652059317,1,-0.219565243,2.737391472,1,0,0.159999996,111115,0.83408399,0.004971352,312.6220345,310.7607025,239.7824165,-0.043521799,7.207310299,71.70330242,18.12469295,38.54136849,6.855182623,0.259183785,5.385496571,1.469686052,0.164202335,28.09287185,0.735437053,75.48639757,373.1615216,0.029524573,0,312.6220345
268,Tabebuia,10.06,w.c,400,5,1,151,33,7,19,35.37357712,307.3,12.55818229,0.337029879,5.793193828,1.846038582,35.37357712,6,1.420000017,1,2.840000033,33.78384399,33.02322769,400,402,383.400116,32.18475723,38.87313461,61.48479462,74.2620697,499.4928284,1498.992432,336.6987,100.8470001,1.349594116,-0.664855003,1,-0.219565243,2.737391472,1,0,0.159999996,111115,0.832488047,0.005793194,308.5235771,306.933844,239.8387837,-0.415727632,5.766277593,57.17847418,18.30533957,34.57871056,5.517925464,0.301276631,3.920239011,1.597686453,0.191213805,30.86862548,0.798366063,69.93805386,377.3227965,0.023697206,0,308.5235771
249,Tabebuia,13.53,w.w,800,5,1,151,36,7,7,37.22878266,264.45,11.9725928,0.187260442,3.677437881,2.007503029,37.22878266,6,1.420000017,1,2.840000033,36.06905365,36.14462471,400,400.5,384.3297425,39.19555473,43.41346169,65.94723511,73.04219437,500.3685303,1498.978516,303.2060853,100.8111,-2.568538666,-0.34244901,1,-0.219565243,2.737391472,1,0,0.159999996,111115,0.833947551,0.003677438,310.3787827,309.2190537,239.8365572,0.73135394,6.384052997,63.32690143,19.91343975,36.64891816,6.185078529,0.17551199,4.376549968,1.808528562,0.110692507,26.60646821,0.686776671,68.82383409,378.6104594,0.021900642,0,310.3787827
247,Tabebuia,14.20,c.c,400,2,1,21,31,8,8,32.96491242,263.5,17.2715895,0.380364406,5.855009058,1.690738312,32.96491242,6,1.420000017,1,2.840000033,32.05430413,31.06756974,400,377,353.3227692,26.45697117,33.24584103,55.66662026,69.95859528,500.2967835,1500.214661,241.0662003,100.8141747,-1.303169251,-0.061136454,0.500000015,-0.219565243,2.737391472,1,0,0.159999996,111120,0.833827973,0.005855009,306.1149125,305.2043042,240.0343398,-0.344249227,5.042392451,50.0166949,16.77085388,32.50960828,4.914681483,0.335390504,3.351654139,1.563027344,0.213243074,26.38124625,0.741480255,69.11026102,345.0110802,0.03496125,0,306.1149124
248,Tabebuia,12.10,w.w,800,2,1,121,37,8,8,40.24473572,298,15.73551918,0.408632084,7.616143237,2.013100977,40.24473572,6,1.420000017,1,2.840000033,38.40428162,37.10820007,400,401,378.4945374,45.84200668,54.4746933,67.995224,80.79966736,500.5108948,1499.591797,158.8126678,100.9282227,0.447389603,-0.777454615,1,-0.219565243,2.737391472,1,0,0.159999996,111115,0.834184825,0.007616143,313.3947357,311.5542816,239.9346821,-1.392834698,7.511134951,74.420561,19.94586771,39.32450867,7.15026501,0.357231933,5.498033974,1.652231036,0.227381405,30.04779687,0.786575461,74.95565363,370.9873859,0.031908398,0,313.3947357
254,Tabebuia,13.01,c.c,800,3,1,31,39,8,8,40.76926422,278.8,17.36687841,0.382799481,9.568233862,2.678392164,40.76926422,6,1.420000017,1,2.840000033,39.993042,39.06142235,400,400,374.5578308,39.14152909,50.05784035,53.23519707,68.08106995,499.5788117,1500.643494,158.9157639,100.7920685,1.887851715,-0.804404617,1,-0.219565243,2.737391472,1,0,0.159999996,111115,0.832631353,0.009568234,313.9192642,313.143042,240.1029536,-2.226220318,7.723826627,76.63128069,26.57344035,40.38115311,7.565963514,0.337247134,5.045434464,2.520529051,0.214446987,28.07566915,0.743684797,67.37383645,366.275773,0.03204717,0,313.9192642
249,Tabebuia,11.59,w.w,800,3,1,131,34,8,8,35.82950719,257.8,10.95211469,0.156701639,2.359674563,1.542317248,35.82950719,6,1.420000017,1,2.840000033,34.38807678,33.99720764,400,400,385.3898417,40.57661311,43.283343,75.04342143,80.04700978,500.361084,1500.257934,255.6085714,100.9812571,-1.679880778,-0.213607609,0.888888896,-0.219565243,2.737391472,1,0,0.159999996,111115,0.83393514,0.002359675,308.9795072,307.5380768,240.0412642,1.374424506,5.913152281,58.55685754,15.27351454,35.10879199,5.682548968,0.148221356,4.370835033,1.311713935,0.093363691,25.96866749,0.667406519,73.92726877,380.1554895,0.021495551,0,308.9795072
251,Tabebuia,8.02,w.w,800,5,1,151,26,8,8,29.02572442,279.85,13.56601105,0.241336221,2.376289227,1.040000495,29.02572442,6,1.420000017,1,2.840000033,26.71356011,26.00117588,400,399.5,381.9589081,26.85365773,29.61920452,76.95827866,84.88800049,500.3075562,1500.098755,300.9557343,100.8811226,1.089446605,0.293856889,1,-0.219565243,2.737391472,1,0,0.159999996,111115,0.833845927,0.00237629,302.1757244,299.8635601,240.0157954,1.272897076,4.028024415,39.92840035,10.30919583,27.86964226,3.766222471,0.22243372,2.988023921,0.778198551,0.140604151,28.19299303,0.731670953,75.3288228,375.4825359,0.027334291,0,302.1757244
263,Tabebuia,9.85,c.w,800,1,1,11,24.5,9,24,29.52296638,260.2,10.68065376,0.151149828,2.22238911,1.511664157,29.52296638,6,1.420000017,1,2.840000033,26.02640152,24.60804367,400,401,386.3387146,23.47639465,26.07210732,70.1650238,77.92295074,500.3127136,1499.227905,229.8158569,101.005722,0.90017128,-0.030575871,1,-0.219565243,2.737391472,1,0,0.159999996,111115,0.833854523,0.002222389,302.6729664,299.1764015,239.8764595,1.186866233,4.145096182,41.03823128,14.96612396,27.77468395,3.745278576,0.143511872,2.633432025,1.111846552,0.090351234,26.21322123,0.671747695,64.17189744,381.2332634,0.018078933,0,302.6729664
254,Tabebuia,12.64,c.c,800,2,1,21,39.5,9,9,41.257061,287,14.52406514,0.340973435,9.317138481,2.887465974,41.257061,6,1.420000017,1,2.840000033,40.52843475,39.84057236,400,400,378.1809387,39.34272385,49.9749527,52.01977158,66.07792664,499.5104065,1500.286621,120.6219635,100.8262787,1.956005096,-0.814736724,1,-0.219565243,2.737391472,1,0,0.159999996,111115,0.832517344,0.009317138,314.407061,313.6784348,240.045854,-2.090329533,7.926254482,78.61298251,28.63802981,40.89274788,7.774629851,0.304423968,5.038788508,2.735841343,0.193242614,28.74121487,0.753757675,65.24096327,371.0954277,0.026205383,0,314.407061
263,Tabebuia,9.41,c.w,800,2,1,21,24.5,9,26,28.25491905,275,10.82256474,0.175231783,2.090515681,1.238830999,28.25491905,6,1.420000017,1,2.840000033,26.23448944,24.61147499,400,400,385.6760559,23.41672516,25.85902596,69.15380859,76.36636353,500.2963562,1499.262695,303.9070129,101.0390091,0.81637001,-0.068760991,1,-0.219565243,2.737391472,1,0,0.159999996,111115,0.83382726,0.002090516,301.4049191,299.3844894,239.8820259,1.463545549,3.851601357,38.11994389,12.26091794,27.24470425,3.630923501,0.165048096,2.612770359,1.018153143,0.104024088,27.72835196,0.711561271,68.7040387,380.5032442,0.01964876,0,301.4049191
265,Tabebuia,10.36,w.c,400,2,1,121,33,9,26,34.525,297.2,15.85857453,0.392124172,5.575242102,1.556292032,34.52368355,6,1.420000017,1,2.840000033,33.6843586,33,400,400,378.1502228,32.69682884,39.12162018,62.80925179,75.14994812,500.292862,1499.987671,491.574173,100.8421326,1.710054398,-0.655314446,0.833333344,-0.219565243,2.737391472,1,0,0.159999996,111115,0.833821437,0.005575243,307.6736836,306.8343586,239.998022,-0.191278405,5.501399992,54.55456001,15.43293983,34.10402107,5.374268848,0.344536021,3.94510796,1.429160888,0.219158186,29.86785365,0.783245317,73.92618704,370.5051952,0.032096488,0,307.675
249,Tabebuia,11.02,w.w,800,2,1,121,33,9,9,34.7986641,290.9,17.39077358,0.398861706,4.729817961,1.299316832,34.7986641,6,1.420000017,1,2.840000033,33.60846138,33.02614594,400,399.5,376.1663056,37.00782586,42.43984986,71.4893837,81.99205399,500.3311158,1499.129944,366.2528229,101.0203476,-1.246986389,-0.173921407,0.833333344,-0.219565243,2.737391472,1,0,0.159999996,111115,0.833885193,0.004729818,307.9486641,306.7584614,239.8607857,0.191331132,5.586599514,55.30175712,12.86190727,34.20356274,5.404384372,0.34974204,4.287282683,1.11710169,0.222528133,29.3643,0.772731264,78.52748615,367.8726594,0.037239311,0,307.9486641
254,Tabebuia,15.57,c.c,800,3,1,31,41,9,9,42.88417053,299.8,9.662545898,0.234100051,6.333960502,2.735744771,42.88417053,6,1.420000017,1,2.840000033,41.85651016,41.0250473,400,401,386.3543701,51.4493103,58.59598541,63.31341553,72.10810089,500.6089478,1498.99939,197.0843353,100.6791382,2.583438873,-1.113660216,1,-0.219565243,2.737391472,1,0,0.159999996,111115,0.834348246,0.006333961,316.0341705,315.0065102,239.839897,-0.616675292,8.635138084,85.76889154,27.17290613,42.37034035,8.405577073,0.216272774,5.899393312,2.506183761,0.13666656,30.13593988,0.774746142,68.45401845,381.7328763,0.017434373,0,316.0341705
249,Tabebuia,13.00,w.w,800,3,1,131,36,9,9,36.97022629,250.8,11.89027612,0.164152171,3.338556803,2.064538881,36.97022629,6,1.420000017,1,2.840000033,35.91166497,36.14631272,400,400.5,383.9381104,38.10359192,41.93926811,64.70776749,71.22213745,500.3333588,1499.005737,219.7003861,100.8709755,-2.419113159,-0.314767659,1,-0.219565243,2.737391472,1,0,0.159999996,111115,0.833888932,0.003338557,310.1202263,309.061665,239.8409126,0.921141131,6.294995195,62.40648841,20.4672203,36.44094563,6.115140735,0.155124448,4.230456315,1.884684421,0.097725117,25.2360896,0.651655598,67.294421,378.2580141,0.021267109,0,310.1202263
268,Tabebuia,14.23,w.c,400,5,1,151,38.5,9,21,40.37834549,266.9,8.722764885,0.14091611,4.332149061,3.049821852,40.37834549,6,1.420000017,1,2.840000033,38.8445549,38.48578262,400,400,386.8681335,39.9407692,44.90087128,57.63758087,64.79538727,500.5096741,1501.082275,278.5511475,100.5548172,2.040367126,-1.006678581,1,-0.219565243,2.737391472,1,0,0.159999996,111115,0.83418279,0.004332149,313.5283455,311.9945549,240.1731587,0.335048661,7.564820755,75.23081406,30.32994278,39.6114502,7.261141205,0.134254618,4.514998903,2.746142302,0.084483238,26.56898963,0.682981909,59.13542527,382.6132259,0.013834468,0,313.5283455
251,Tabebuia,9.66,w.w,800,5,1,151,38,9,9,41.20531845,296.45,11.06951903,0.270035803,6.977842144,2.703539685,41.20531845,6,1.420000017,1,2.840000033,39.1244793,38.09191513,400,401.5,384.4890747,43.59265518,51.52573395,62.20401383,73.51656342,500.4762726,1499.579346,614.2810364,100.9404984,2.141778946,-0.719877005,1,-0.219565243,2.737391472,1,0,0.159999996,111115,0.834127121,0.006977842,314.3553185,312.2744793,239.93269,-1.104157165,7.904575652,78.30926229,26.78352835,40.16489888,7.479223889,0.245848688,5.201035967,2.278187922,0.15565471,29.88571126,0.77008457,66.56588625,379.1990466,0.019583775,0,314.3553185
263,Tabebuia,10.27,c.w,800,1,1,11,26,10,25,30.53772163,293.7,10.9351101,0.225810761,3.433460719,1.598473796,30.53772163,6,1.420000017,1,2.840000033,27.45412636,25.99068642,400,400,385.2328796,23.67861557,27.68238831,65.04949951,76.04860687,500.2902832,1500.116089,247.2233582,100.9793625,0.83024025,-0.118527532,1,-0.219565243,2.737391472,1,0,0.159999996,111115,0.833817139,0.003433461,303.6877216,300.6041264,240.0185689,0.61075893,4.393823719,43.51209605,15.82970774,28.995924,4.020824294,0.209178782,2.795349923,1.22547437,0.13213577,29.60841444,0.761130595,65.05561152,380.0066343,0.018822095,0,303.6877216
251,Tabebuia,14.57,c.c,400,2,1,21,36,10,10,41.69156647,240.4,11.95595375,0.155862536,4.483131776,2.847434388,41.69156647,6,1.420000017,1,2.840000033,37.81273651,36.13459015,400,401,383.8999329,47.25709152,52.35173416,72.09131622,79.86325836,500.3411255,1499.748291,162.3892059,100.5315628,2.681520462,-0.660356283,0.666666687,-0.219565243,2.737391472,1,0,0.159999996,111115,0.833901876,0.004483132,314.8415665,310.9627365,239.9597212,-0.103597652,8.110436039,80.67551934,28.32378518,39.75215149,7.31605165,0.147753642,5.263001651,2.053049999,0.093041861,23.92428609,0.619895548,64.3468425,378.1087746,0.020732921,0,314.8415665
263,Tabebuia,11.15,c.w,800,2,1,21,27,10,27,30.27731514,296.2,11.45077079,0.245712225,3.489946973,1.502385386,30.27731514,6,1.420000017,1,2.840000033,28.47418976,26.97776604,400,400,384.5484924,23.9355526,28.00323296,61.92860031,72.45293427,500.366333,1499.509033,248.6143646,100.9312363,0.4154706,-0.202593505,1,-0.219565243,2.737391472,1,0,0.159999996,111115,0.833943888,0.003489947,303.4273151,301.6241898,239.9214399,0.758603545,4.328786308,42.88847009,14.88523714,29.37575245,4.110051968,0.226146403,2.826400922,1.283651046,0.142978125,29.84986727,0.769069695,66.88296024,379.0772268,0.020307673,0,303.4273151
265,Tabebuia,10.83,w.c,400,2,1,121,35,10,27,35.75,287.45,14.6365674,0.314055826,5.707544581,1.93517801,35.75251198,6,1.420000017,1,2.840000033,35.2775898,35,400,400,379.6325379,32.62998963,39.20550346,57.36182976,68.91872406,500.3741303,1499.695862,335.4527588,100.830246,1.551294327,-0.714421273,0.666666687,-0.219565243,2.737391472,1,0,0.159999996,111115,0.833956884,0.005707545,308.902512,308.4275898,239.9513326,-0.207356349,5.888276835,58.39795897,19.19245551,35.51505089,5.811625754,0.282768328,3.953098825,1.85852693,0.179297791,28.85576376,0.753840421,68.89117659,372.5680735,0.027478627,0,308.9
249,Tabebuia,12.51,w.w,800,2,1,121,35,10,10,34.96627427,290.8,17.02818289,0.380457144,4.710395706,1.346890335,34.96627427,6,1.420000017,1,2.840000033,34.79326439,34.97734833,400,401,377.9738922,37.11240768,42.5208149,67.0730095,76.84603882,500.3421784,1499.265564,318.4199372,100.917492,-2.068218231,-0.279756367,1,-0.219565243,2.737391472,1,0,0.159999996,111115,0.833903631,0.004710396,308.1162743,307.9432644,239.8824849,0.350213885,5.637983188,55.86731712,13.34650222,34.87976933,5.61096227,0.335509153,4.291092853,1.319869418,0.213315932,29.31754281,0.7685802,77.84630432,369.8523449,0.035960004,0,308.1162743
254,Tabebuia,13.43,c.c,800,3,1,31,40,10,10,41.15843582,278.75,16.0976069,0.337911669,7.326348204,2.298969732,41.15843582,6,1.420000017,1,2.840000033,40.57414246,40.04371834,400,399.5,376.4488983,47.13683892,55.43296242,62.13939286,73.07526016,500.4599915,1500.097779,170.2373124,100.7704354,2.12468338,-0.982655883,0.833333344,-0.219565243,2.737391472,1,0,0.159999996,111115,0.834099986,0.007326349,314.3084358,313.7241425,240.0156392,-1.052171626,7.884971153,78.24686552,22.81390311,40.86628914,7.763717938,0.301364523,5.586001421,2.177716517,0.191322304,28.06322648,0.739820861,72.0558309,368.7699212,0.031610496,0,314.3084358
251,Tabebuia,8.99,w.w,800,3,1,131,36,10,10,38.67586517,272.4,14.38024696,0.244482254,3.37353111,1.419735717,38.67586517,6,1.420000017,1,2.840000033,36.72079468,36.14547729,400,400,381.1759338,50.52362442,54.34783554,82.12207031,88.33802032,500.5247192,1499.412354,816.9174805,100.9292221,3.284704208,-0.516435385,1,-0.219565243,2.737391472,1,0,0.159999996,111115,0.834207865,0.003373531,311.8258652,309.8707947,239.9059712,0.764965202,6.905020481,68.41448232,14.06664678,37.69832993,6.549213256,0.2251041,5.485284764,1.063928492,0.142311548,27.45055911,0.713524345,79.83076928,374.3126266,0.030793131,0,311.8258652
251,Tabebuia,11.91,w.w,800,5,1,151,42,10,10,43.8658638,322.75,9.35688078,0.328233168,6.433172503,2.036794063,43.8658638,6,1.420000017,1,2.840000033,42.43061257,42.00091744,400,399.5,385.1113434,62.77048684,69.95802307,75.06769562,83.65543366,499.5194245,1499.654785,108.9728012,100.8157616,4.531391144,-1.390645743,0.833333344,-0.219565243,2.737391472,1,0,0.159999996,111115,0.832532374,0.006433173,317.0158638,315.5806126,239.9447603,-0.73020571,9.089661835,90.16108148,20.20305841,43.14823819,8.755663156,0.29418881,7.052867773,1.702795383,0.186650602,32.50736975,0.837271738,78.19091336,380.6353305,0.019373132,0,317.0158638
254,Tabebuia,9.02,c.c,800,1,1,11,35,11,11,37.56768799,279.8,15.03982398,0.367055879,6.61271283,2.136117908,37.56768799,6,1.420000017,1,2.840000033,36.00057221,34.97818756,400,400,378.4420929,35.76606178,43.36403656,60.4249382,73.32339859,499.6492157,1499.948242,416.3209076,100.9449578,1.515298128,-0.442349792,0.833333344,-0.219565243,2.737391472,1,0,0.159999996,111115,0.832748693,0.006612713,310.717688,309.1505722,239.9917134,-0.8374702,6.51349963,64.52522209,21.16118553,36.7841301,6.234552353,0.316701011,4.377381722,1.857170631,0.201862027,28.20840126,0.739279352,69.19864609,371.2656453,0.028569178,0,310.717688
263,Tabebuia,10.66,c.w,800,1,1,11,27,11,26,31.42306519,295.45,10.45358267,0.2229632,3.629545279,1.716932294,31.42306519,6,1.420000017,1,2.840000033,28.40132427,26.970191,400,400.5,385.5639801,24.53825856,28.76538468,63.78208733,74.76954651,500.3422852,1499.071594,543.628006,100.9704895,0.773784638,-0.180163503,0.833333344,-0.219565243,2.737391472,1,0,0.159999996,111115,0.833903809,0.003629545,304.5730652,301.5513243,239.8514497,0.511267996,4.621385289,45.76965663,17.00427196,29.91219473,4.239016949,0.206519334,2.904452995,1.334563954,0.13045645,29.78685143,0.765161665,64.20948274,380.566581,0.017777365,0,304.5730652
251,Tabebuia,16.14,c.c,400,2,1,21,37,11,11,40.18378449,236,13.23900751,0.170588061,4.578049181,2.694570157,40.18378449,6,1.420000017,1,2.840000033,38.13322195,37.76550039,400,399.6666667,381.4006856,42.46767171,47.69739532,63.66382726,71.49441274,500.2166545,1501.15979,72.58248901,100.4875208,1.375579198,-0.584630728,0.777777791,-0.219565243,2.737391472,1,0,0.159999996,111115,0.833694424,0.004578049,313.3337845,311.2832219,240.185561,0.131825404,7.487557461,74.51242743,26.81503211,39.15850321,7.087000194,0.16076473,4.792987304,2.29401289,0.1013159,23.49174823,0.613004041,63.84233539,375.0001699,0.022949208,0,313.3337845
264,Tabebuia,15.10,c.w,800,2,1,21,38,11,28,40.63790512,281.2,7.603925127,0.136341038,3.586647765,2.597196066,40.63790512,6,1.420000017,1,2.840000033,39.11045837,38.08948135,400,400,388.8269653,46.35433578,50.43746948,65.95726776,71.76712799,500.4606628,1499.991699,225.038681,100.5774002,2.350515366,-1.163918257,0.666666687,-0.219565243,2.737391472,1,0,0.159999996,111115,0.834101105,0.003586648,313.7879051,312.2604584,239.9986665,0.71422803,7.67006562,76.2603289,25.82285942,39.87418175,7.36396661,0.130095491,5.072869554,2.291097056,0.08184865,28.21400037,0.721452739,65.50441958,385.1836768,0.013034095,0,313.7879051
265,Tabebuia,11.33,w.c,400,2,1,121,37,11,28,37.165,284.15,14.55546208,0.308024657,6.505719776,2.236165799,37.16539574,6,1.420000017,1,2.840000033,36.97377396,37,400,400,379.0091858,33.46169472,40.94339562,53.57932663,65.54964066,500.3572083,1498.603272,1194.805725,100.7990265,1.737928391,-0.825161934,1,-0.219565243,2.737391472,1,0,0.159999996,111115,0.833928681,0.00650572,310.3153958,310.123774,239.7765181,-0.577475552,6.363217946,63.12782995,22.18443433,37.06958485,6.329943457,0.277882347,4.127052147,2.20289131,0.176154393,28.51522519,0.746393997,66.56702178,371.9834099,0.02644682,0,310.315
251,Tabebuia,8.56,w.w,800,2,1,121,34,11,11,34.41083145,288,16.87611401,0.385615,6.66060024,1.891995085,34.41083145,6,1.420000017,1,2.840000033,34.11740876,34.00496674,400,400.5,376.6164398,27.74470997,35.44910622,52.01466179,66.48072815,500.3641205,1499.776673,394.7029419,100.9146996,0.294797898,-0.143964529,0.833333344,-0.219565243,2.737391472,1,0,0.159999996,111115,0.833940201,0.0066606,307.5608315,307.2674088,239.9642622,-0.671933761,5.469337737,54.19756283,18.74845662,34.2641201,5.423497413,0.339412726,3.577342652,1.846154761,0.215849628,29.03971945,0.764095655,68.08726885,368.5673738,0.031278226,0,307.5608315
254,Tabebuia,16.03,c.c,800,3,1,31,42,11,11,42.9541626,293.3,11.9261006,0.28386416,7.628230703,2.760499101,42.9541626,6,1.420000017,1,2.840000033,42.46479034,42.00144577,400,400,382.0169678,50.05552673,58.66630554,59.65665817,69.91906738,500.3526917,1498.765137,209.8704376,100.6766129,2.243835449,-1.165040374,0.666666687,-0.219565243,2.737391472,1,0,0.159999996,111115,0.833921153,0.007628231,316.1041626,315.6147903,239.8024165,-1.192254076,8.666824032,86.08577292,27.41946737,42.70947647,8.556489741,0.258069549,5.906324931,2.65016481,0.163428249,29.49151698,0.766806637,68.78366784,376.3201222,0.021905185,0,316.1041626
270,Tabebuia,10.00,c.w,800,3,1,31,37,11,23,41.9755249,254.5,8.149204491,0.114150823,3.446513924,2.953381498,41.9755249,6,1.420000017,1,2.840000033,38.54405212,37.10527039,400,401,388.6856079,48.46210098,52.37810135,71.24623108,77.00331116,500.4073181,1500.097046,0.698332429,100.7942886,-0.042598486,-0.741883993,0.666666687,-0.219565243,2.737391472,1,0,0.159999996,111115,0.834012197,0.003446514,315.1255249,311.6940521,240.015522,0.491501674,8.232794963,81.67918118,29.30107983,40.25978851,7.51716677,0.109739941,5.279413466,2.237753305,0.068970568,25.56210585,0.652472549,63.03509327,384.7831406,0.013449007,0,315.1255249
269,Tabebuia,10.89,w.c,400,3,1,131,40.5,11,25,42.05022812,256.2,7.770162687,0.109633147,3.575920954,3.19158496,42.05022812,6,1.420000017,1,2.840000033,40.48250198,40.43677902,400,402,390.8021545,46.22055435,50.29284286,61.29751205,66.69816589,500.368927,1500.530762,202.8003693,100.882431,3.049736977,-1.243331194,0.666666687,-0.219565243,2.737391472,1,0,0.159999996,111115,0.833948212,0.003575921,315.2002281,313.632502,240.0849165,0.709836949,8.265249212,81.92952061,31.63667774,41.26636505,7.930160066,0.105558258,5.073664252,2.856495814,0.066328301,25.50665485,0.646965343,60.18876807,386.9991958,0.012442613,0,315.2002281
251,Tabebuia,11.56,w.w,800,3,1,131,41,11,11,43.14226532,294.7,9.093591076,0.184855256,3.272196858,1.752842792,43.14226532,6,1.420000017,1,2.840000033,41.29689789,41.00861359,400,401,388.0036011,65.75075531,69.4081955,83.47982025,88.12345123,499.5427551,1500.731323,130.898056,100.8473969,5.141691208,-1.400350332,0.666666687,-0.219565243,2.737391472,1,0,0.159999996,111115,0.832571259,0.003272197,316.2922653,314.4468979,240.1170064,0.818146298,8.752478628,86.78933618,17.38114068,42.2195816,8.339234018,0.173558363,6.999635836,1.339598182,0.109435351,29.66518931,0.758135225,79.60417606,383.6523183,0.018993277,0,316.2922653
268,Tabebuia,15.22,w.c,400,5,1,151,40.5,11,23,41.24373245,275.2,7.602255228,0.134886725,4.660221986,3.413213558,41.24373245,6,1.420000017,1,2.840000033,40.58960342,40.62978363,400,400,388.1318359,39.50173569,44.83793259,51.90606689,58.91793442,500.4988403,1501.00708,130.2255402,100.5275803,1.801006317,-1.039523125,1,-0.219565243,2.737391472,1,0,0.159999996,111115,0.834164734,0.004660222,314.3937325,313.7396034,240.1611274,0.299992363,7.920662425,78.79093881,33.95300622,40.91666794,7.784507558,0.128770718,4.507448867,3.277058691,0.081009711,27.38992145,0.701982509,56.15085616,384.4092856,0.01143899,0,314.3937325
251,Tabebuia,12.31,w.w,800,5,1,151,42.5,11,11,44.29300118,326.35,8.839904192,0.331105681,6.553645793,2.043647953,44.29300118,6,1.420000017,1,2.840000033,42.97695351,42.582304,400,399.5,385.7310944,64.63041306,71.93774796,75.06598663,83.54898453,499.4319458,1500.499756,154.6539307,100.7700119,4.591815949,-1.498086691,0.833333344,-0.219565243,2.737391472,1,0,0.159999996,111115,0.832386576,0.006553646,317.4430012,316.1269535,240.0799556,-0.771676089,9.292808676,92.21794057,20.28019262,43.63497735,8.980469559,0.296533088,7.249160724,1.731308836,0.188157367,32.85543997,0.845258562,78.55440083,381.5007365,0.018323347,0,317.4430012
254,Tabebuia,9.45,c.c,800,1,1,11,36,12,12,37.32516861,269.75,14.11381906,0.254735717,4.551665645,1.924409902,37.32516861,6,1.420000017,1,2.840000033,36.20279694,36.1437397,400,400,380.8203736,39.30085754,44.52467347,65.73045731,74.47200775,499.4782715,1500.017822,187.5839005,100.9501229,1.168598175,-0.469754577,0.833333344,-0.219565243,2.737391472,1,0,0.159999996,111115,0.832463786,0.004551666,310.4751686,309.352797,240.0028462,0.289291068,6.419183577,63.58778382,19.06311036,36.76398278,6.224570773,0.232137324,4.494773676,1.729797098,0.14695021,27.18945817,0.707523912,70.89330347,374.0837638,0.027034151,0,310.4751686
265,Tabebuia,11.96,c.w,800,1,1,11,38,12,27,41.68,303.2,9.938377739,0.263200194,6.44825768,2.513283377,41.676651,6,1.420000017,1,2.840000033,39.42301178,38,400,398,382.9749756,48.19869614,55.5014801,67.54364777,77.77747345,500.3875122,1500.451416,120.536911,100.7318954,3.56230545,-1.383696556,0.666666687,-0.219565243,2.737391472,1,0,0.159999996,111115,0.833979187,0.006448258,314.826651,312.5730118,240.0722212,-0.859329844,8.104052668,80.45170432,24.95022421,40.54983139,7.634212638,0.240876677,5.590769291,2.043443347,0.152406098,30.50879118,0.790838124,69.54764171,378.2228589,0.018382574,0,314.83
251,Tabebuia,16.69,c.c,400,2,1,21,38,12,12,36.70993042,241.5,14.68942921,0.197641664,4.62523314,2.390949239,36.70993042,6,1.420000017,1,2.840000033,37.27910995,38.07992554,400,400,379.8088684,32.60937881,37.94644928,51.21009064,59.59148026,500.2431946,1500.619263,7.833920002,100.5308609,0.136278152,-0.297189474,1,-0.219565243,2.737391472,1,0,0.159999996,111115,0.833738658,0.004625233,309.8599304,310.42911,240.0990767,0.506285145,6.205738453,61.72968577,23.78323649,36.99452019,6.302993155,0.184782271,3.814789214,2.488203941,0.116579283,24.0859361,0.630810665,62.08936484,372.7192379,0.024845262,0,309.8599304
264,Tabebuia,15.92,c.w,800,2,1,21,39,12,29,42.31620407,307.1,7.7633236,0.202634627,5.240658959,2.590545777,42.31620407,6,1.420000017,1,2.840000033,40.4545517,39.05797958,400,400,387.3618774,51.645298,57.57688904,68.38900757,76.24365997,499.5878601,1498.698242,287.8278809,100.5812531,3.312082291,-1.486199141,1,-0.219565243,2.737391472,1,0,0.159999996,111115,0.832646434,0.005240659,315.4662041,313.6045517,239.7917134,-0.188229217,8.381701423,83.33264071,25.75575168,41.38537788,7.98026561,0.189139483,5.791155646,2.189109964,0.119354823,30.83620642,0.791456455,68.96461818,383.6430348,0.014063435,0,315.4662041
268,Tabebuia,10.51,w.c,400,2,1,121,34,12,29,36.59376335,285.35,16.30750977,0.353239012,6.044737141,1.83995317,36.59376335,6,1.420000017,1,2.840000033,34.82154656,33.99579621,400,400,377.1555634,35.94527245,42.89423371,64.8264885,77.35902787,499.5383759,1499.825867,295.3421021,100.8660813,2.165872574,-0.817706108,1,-0.219565243,2.737391472,1,0,0.159999996,111115,0.83256396,0.006044737,309.7437634,307.9715466,239.9721333,-0.57232502,6.166526705,61.13577715,18.24154345,35.70765495,5.873572073,0.314159927,4.326573535,1.546998539,0.199522971,28.67243554,0.753698754,72.0070477,369.2973477,0.032233207,0,309.7437634
251,Tabebuia,10.16,w.w,800,2,1,121,39,12,12,41.52345467,305.65,14.50892072,0.447532653,10.2138673,2.487393113,41.52345467,6,1.420000017,1,2.840000033,40.28720093,39.06175423,400,401,378.653061,43.43255234,55.00401116,58.22657394,73.74073792,500.473816,1499.598084,111.7671471,100.9321709,2.779241562,-0.920341253,0.500000015,-0.219565243,2.737391472,1,0,0.159999996,111115,0.834123027,0.010213868,314.6734547,313.437201,239.935688,-2.62684095,8.039064662,79.64820959,24.64419843,40.9053278,7.779977259,0.386599633,5.55167155,2.228305709,0.246448149,30.8235686,0.80650001,71.33503292,371.7289525,0.027967363,0,314.6734547
254,Tabebuia,16.46,c.c,800,3,1,31,43,12,12,43.10661316,292.1,11.81937027,0.274926136,7.634880989,2.843489994,43.10661316,6,1.420000017,1,2.840000033,43.04410553,42.97206879,400,401,382.7887268,49.9199295,58.53531265,57.7121582,67.67235565,500.5909119,1499.691528,766.0131226,100.6691132,2.066375732,-1.176988006,1,-0.219565243,2.737391472,1,0,0.159999996,111115,0.834318186,0.007634881,316.2566132,316.1941055,239.9506392,-1.126771362,8.736188007,86.78121554,28.24590289,43.07535934,8.72192872,0.250660912,5.892698013,2.829230707,0.158676276,29.36568722,0.762052315,67.99922367,377.1425034,0.021416136,0,316.2566132
270,Tabebuia,10.55,c.w,800,3,1,31,38,12,24,41.90107346,284.3,9.166634502,0.176891557,4.631998897,2.612284557,41.90107346,6,1.420000017,1,2.840000033,39.22661209,38.09301376,400,400,386.4491882,50.19031143,55.43610382,71.13215637,78.56674957,500.4260864,1500.28479,0.78826201,100.8057022,0.358398438,-0.893460989,0.666666687,-0.219565243,2.737391472,1,0,0.159999996,111115,0.834043477,0.004631999,315.0510735,312.3766121,240.045561,0.002214376,8.200559931,81.35015928,25.91405546,40.56384277,7.639906648,0.166519748,5.588275373,2.051631275,0.104959504,28.60427885,0.734266145,67.81133721,382.063413,0.016375622,0,315.0510735
269,Tabebuia,11.38,w.c,400,3,1,131,41.5,12,26,41.92899323,253.6,9.28472973,0.134626251,4.511105381,3.309627145,41.92899323,6,1.420000017,1,2.840000033,41.23766708,41.61264801,400,400,386.3083496,43.4665947,48.61306,55.36601639,61.92137146,500.3597412,1499.087402,265.4458313,100.8578415,2.403813362,-1.223086596,1,-0.219565243,2.737391472,1,0,0.159999996,111115,0.833932902,0.004511105,315.0789932,314.3876671,239.853979,0.365764486,8.212635444,81.42783271,32.81477271,41.58333015,8.064212825,0.128533308,4.9030083,3.161204526,0.080859378,25.30402834,0.649450269,58.84900457,381.7864343,0.014663094,0,315.0789932
254,Tabebuia,10.81,w.w,800,5,1,151,37,12,12,38.18321228,307.4,13.18148769,0.376233525,6.714768417,1.923538426,38.18321228,6,1.420000017,1,2.840000033,37.27527618,37.11769104,400,400,380.7940979,39.88752747,47.55824661,62.90250397,74.99920654,500.2471619,1499.099731,575.5313721,100.9314575,1.316455841,-0.608029723,1,-0.219565243,2.737391472,1,0,0.159999996,111115,0.83374527,0.006714768,311.3332123,310.4252762,239.8559517,-0.791010499,6.723661574,66.61611493,19.05786831,37.72924423,6.560217,0.3322219,4.800123148,1.760093852,0.211190018,31.00284551,0.806649377,73.20867167,374.5006787,0.025881006,0,311.3332123
254,Tabebuia,11.17,c.c,800,1,1,11,37,13,13,40.75260353,264.3,10.53716282,0.16859569,4.378176089,2.602972062,40.75260353,6,1.420000017,1,2.840000033,38.17919159,37.11286164,400,399.5,384.5266724,45.69355965,50.68316651,68.59259033,76.08211136,499.7821198,1500.197754,495.4812775,100.9081955,1.946577073,-0.694287658,1,-0.219565243,2.737391472,1,0,0.159999996,111115,0.8329702,0.004378176,313.9026036,311.3291916,240.0316353,0.151389468,7.717317814,76.47861757,25.79545106,39.46589756,7.204784102,0.159058061,5.114345752,2.090438351,0.100225944,26.60918289,0.685815915,65.99768306,379.4896954,0.018429028,0,313.9026035
265,Tabebuia,12.40,c.w,800,1,1,11,39,13,28,42.32,324.6,7.673954847,0.26311519,5.971438017,2.318008207,42.31750107,6,1.420000017,1,2.840000033,40.11248398,39,400,401,388.9932556,53.49346161,60.221241,72.22509766,81.30871582,500.4769287,1499.783569,125.0247345,100.6997604,4.22700882,-1.500166893,0.666666687,-0.219565243,2.737391472,1,0,0.159999996,111115,0.834128215,0.005971438,315.4675011,313.262484,239.9653657,-0.611384556,8.382272749,83.24024518,23.01900419,41.21499252,7.908616079,0.240805479,6.064264542,1.844351537,0.152360494,32.65208487,0.833566798,72.73536695,385.3166537,0.014600208,0,315.47
254,Tabebuia,11.68,c.c,800,2,1,21,37,13,13,42.14855957,294.7,14.12420787,0.370289061,10.23151373,2.937280418,42.14855957,6,1.420000017,1,2.840000033,39.8484993,38.07255936,400,401,379.1504211,41.60553741,53.2394104,57.07502747,73.03453064,499.5822449,1499.025391,136.0054321,100.8812256,2.829883575,-0.881749511,1,-0.219565243,2.737391472,1,0,0.159999996,111115,0.832637075,0.010231514,315.2985596,312.9984993,239.8440571,-2.798939319,8.308137389,82.35563496,29.11622456,40.99852943,7.818394303,0.327578269,5.370856971,2.447537333,0.20818834,29.70729292,0.776678326,66.44898298,372.4091155,0.025304434,0,315.2985596
268,Tabebuia,11.10,w.c,400,2,1,121,35,13,30,37.58647156,281.1,15.51971262,0.312677969,6.052994535,2.04959136,37.58647156,6,1.420000017,1,2.840000033,35.79802322,34.96923447,400,401,379.1899414,37.26988983,44.21938324,63.68164825,75.5559845,499.4897766,1499.021362,317.3424988,100.8593979,1.806180954,-0.890791893,1,-0.219565243,2.737391472,1,0,0.159999996,111115,0.832482961,0.006052995,310.7364716,308.9480232,239.8434126,-0.582165711,6.509531729,64.54065625,20.32127301,36.69224739,6.199738754,0.281667028,4.459940369,1.739798386,0.178588006,28.22653318,0.738047581,70.00563845,371.705768,0.029652556,0,310.7364716
251,Tabebuia,10.68,w.w,800,2,1,121,40,13,13,42.96177101,309.55,13.17118468,0.430419703,10.84224449,2.715987481,42.96177101,6,1.420000017,1,2.840000033,41.54981423,40.04255104,400,401.5,380.5652771,46.78561402,59.01633072,58.63984108,73.97542572,500.4996338,1499.615051,113.8784981,100.9250908,3.651395798,-1.060466528,0.666666687,-0.219565243,2.737391472,1,0,0.159999996,111115,0.834166056,0.010842245,316.111771,314.6998142,239.9384029,-2.971191049,8.672214954,85.9272567,26.91092598,42.25579262,8.356034758,0.373757592,5.956227473,2.399807286,0.238104179,31.21717868,0.81275786,70.67118551,374.2767884,0.024979509,0,316.111771
270,Tabebuia,11.09,c.w,800,3,1,31,39.5,13,25,43.18487549,274.5,8.774449804,0.157007413,4.869517345,3.061476728,43.18487549,6,1.420000017,1,2.840000033,40.68678284,39.64278412,400,399,385.3406067,51.15458679,56.66259003,67.04014587,74.25861359,500.3916321,1500.599609,0.82094717,100.7808914,0.148694992,-0.990434408,0.666666687,-0.219565243,2.737391472,1,0,0.159999996,111115,0.833986053,0.004869517,316.3348755,313.8367828,240.0959321,-0.09608921,8.771983061,87.04014161,30.37755158,41.93582916,8.215594385,0.148782099,5.710506333,2.505088052,0.093694404,27.60642814,0.710865188,64.36751005,381.14142,0.014918677,0,316.3348755
254,Tabebuia,10.25,w.w,800,3,1,131,37,13,13,39.60601425,245.7,8.971858968,0.118236408,3.412495644,2.859948701,39.60601425,6,1.420000017,1,2.840000033,37.17856216,37.11702728,400,399,386.525238,39.65766144,43.57239151,62.88840103,69.09630585,500.2344971,1499.756592,233.1214294,100.9602203,1.316410065,-0.460633636,0.666666687,-0.219565243,2.737391472,1,0,0.159999996,111115,0.833724162,0.003412496,312.7560143,310.3285622,239.9610493,0.671218685,7.259026948,71.89987229,28.32748078,38.39228821,6.800116893,0.113510671,4.399078247,2.401038646,0.071354133,24.72040221,0.633471946,59.85857747,382.2320386,0.014143762,0,312.7560143
269,Tabebuia,14.69,w.c,400,5,1,151,41.5,13,25,44.19703293,285.2,5.441921372,0.106277313,4.061444794,3.692757199,44.19703293,6,1.420000017,1,2.840000033,42.1310463,41.60226059,400,400,391.0957031,50.63578415,55.23659515,61.33540726,66.90839386,500.403656,1500.915771,67.20090485,100.5442276,3.16782093,-1.50951314,1,-0.219565243,2.737391472,1,0,0.159999996,111115,0.834006093,0.004061445,317.3470329,315.2810463,240.1465181,0.378751171,9.246477994,91.96428492,36.72768977,43.16403961,8.762440926,0.102443706,5.553720795,3.208720131,0.064361049,28.32689205,0.72037518,58.44523873,388.3994134,0.008535357,0,317.3470329
254,Tabebuia,13.92,c.c,800,1,1,11,40,14,14,42.07874298,288.2,11.10074095,0.240726174,6.609230086,2.795453993,42.07874298,6,1.420000017,1,2.840000033,40.67237473,40.0430603,400,400,383.1429138,46.92191315,54.41834641,61.5164299,71.34454346,500.2032166,1499.846802,131.1398468,100.7419891,2.074623108,-0.9438833,0.666666687,-0.219565243,2.737391472,1,0,0.159999996,111115,0.833672028,0.00660923,315.228743,313.8223747,239.9754829,-0.813405014,8.277666456,82.16699438,27.74864798,41.37555885,7.976121352,0.221915969,5.482212462,2.493908889,0.140273104,28.99170482,0.751108082,66.58587012,377.8382408,0.019666151,0,315.228743
265,Tabebuia,12.84,c.w,800,1,1,11,40,14,29,43.33,329.4,6.838709083,0.264015519,6.643677125,2.560649405,43.32654572,6,1.420000017,1,2.840000033,41.1644783,40,400,402,389.773468,54.88224411,62.35289001,70.04081726,79.57486725,500.3121338,1498.671753,145.66008,100.6601715,4.408069611,-1.661517143,0.333333343,-0.219565243,2.737391472,1,0,0.159999996,111115,0.833853556,0.006643677,316.4765457,314.3144783,239.7874751,-0.951322039,8.837102008,87.79144596,25.43855595,42.24551201,8.350612594,0.241559383,6.276452603,2.074159992,0.152843403,33.11828952,0.844107889,71.33665567,386.4937864,0.012734635,0,316.48
254,Tabebuia,12.02,c.c,800,2,1,21,38,14,14,41.03498268,288.45,13.89359696,0.325522592,8.432641118,2.727706093,41.03498268,6,1.420000017,1,2.840000033,39.28850747,38.08993912,400,399.5,378.6405487,41.01852417,50.63349724,57.98868561,71.57291031,499.5744934,1500.064575,132.3351479,100.8732415,2.341598511,-0.786628127,1,-0.219565243,2.737391472,1,0,0.159999996,111115,0.832624156,0.008432641,314.1849827,312.4385075,240.0103267,-1.795101671,7.835272277,77.67430026,27.04080302,40.16174507,7.478907824,0.29204275,5.107566183,2.371341641,0.185265761,29.06782097,0.761042562,66.65040608,372.0089379,0.025005004,0,314.1849827
268,Tabebuia,11.53,w.c,400,2,1,121,36.5,14,31,38.54393768,291.9,14.07750877,0.308532821,6.472463198,2.211357904,38.54393768,6,1.420000017,1,2.840000033,37.16431427,36.53003311,400,404,384.0458069,38.64662552,46.0631752,61.25541306,73.01074219,499.5035095,1498.956055,365.8696289,100.8329391,2.127056122,-1.00285244,0.666666687,-0.219565243,2.737391472,1,0,0.159999996,111115,0.832505849,0.006472463,311.6939377,310.3143143,239.8329634,-0.737895101,6.856043246,67.99408312,21.93090792,37.85412598,6.604831319,0.278298897,4.644685342,1.960145977,0.176421967,29.30097424,0.756652735,69.14702141,377.246131,0.026219323,0,311.6939377
251,Tabebuia,12.73,w.w,800,2,1,121,41,14,14,43.62603951,313.9,10.52619884,0.304417401,5.293444024,1.790356988,43.62603951,6,1.420000017,1,2.840000033,41.80068207,41.01537514,400,400,384.8621826,65.45360566,71.35764695,80.82343293,88.10964966,499.5641937,1500.119202,182.3401718,100.7148323,4.891569138,-1.309236288,1,-0.219565243,2.737391472,1,0,0.159999996,111115,0.83260699,0.005293444,316.7760395,314.9506821,240.0190669,-0.210039592,8.97712831,89.13400711,17.77636017,42.71336079,8.558814642,0.274899659,7.186771322,1.372043319,0.174240615,31.58191659,0.814762027,80.43213871,379.8303682,0.02246707,0,316.7760395
270,Tabebuia,12.20,c.w,400,3,1,31,30,14,26,34.92406464,260.3,10.18481666,0.144977536,2.179415641,1.514495121,34.92406464,6,1.420000017,1,2.840000033,32.65107727,30.89302063,400,399,385.7314758,38.29692841,40.80768585,77.8635788,82.96833801,499.5652771,1499.039307,467.0842285,100.7204361,-1.477218628,-0.232343435,1,-0.219565243,2.737391472,1,0,0.159999996,111115,0.832608795,0.002179416,308.0740646,305.8010773,239.8462837,1.348444849,5.624663036,55.84430781,15.03662196,33.78757095,5.280024201,0.137936114,4.110167915,1.169856286,0.086816205,25.95733457,0.668124532,73.08090618,380.7818293,0.019984186,0,308.0740646
254,Tabebuia,14.27,c.c,800,1,1,11,41,15,15,41.5004139,295.95,11.82519465,0.293765852,7.321969496,2.599932489,41.5004139,6,1.420000017,1,2.840000033,41.13986206,41.02533722,400,400,382.0058899,45.58164215,53.89385796,58.2978096,68.91735459,500.0331879,1499.853577,166.479332,100.7356682,1.756916047,-0.969819427,0.833333344,-0.219565243,2.737391472,1,0,0.159999996,111120,0.833388647,0.00732197,314.6504139,314.2898621,239.9765669,-1.015524995,8.028966023,79.70330779,25.80944984,41.32013798,7.952816906,0.265721472,5.429033534,2.523783372,0.16838299,29.77768809,0.773837931,68.5370867,376.3570117,0.021655269,0,314.6504139
265,Tabebuia,13.38,c.w,800,1,1,11,41,15,30,44.44,317.9,6.017132155,0.187133418,5.406886159,2.854061549,44.44224167,6,1.420000017,1,2.840000033,42.05125046,41,400,400,389.5260315,58.64816284,64.71121216,71.38716888,78.76717377,500.4412537,1498.893677,163.1609802,100.6109009,4.215206146,-1.77900219,0.666666687,-0.219565243,2.737391472,1,0,0.159999996,111115,0.834068756,0.005406886,317.5922417,315.2012505,239.8229829,-0.360115827,9.364714902,93.07853145,28.36731929,43.24674606,8.800370721,0.175565076,6.510653352,2.289717369,0.110712008,31.93058138,0.81475175,68.95823892,386.6369249,0.010840042,0,317.59
254,Tabebuia,12.57,c.c,800,2,1,21,39.5,15,15,41.30404663,283,14.79564372,0.331847935,9.197830154,2.921672561,41.30404663,6,1.420000017,1,2.840000033,40.51885796,39.84450722,400,400,377.6732636,39.3302269,49.82798005,52.03364373,65.92200089,499.5070343,1500.240723,118.4746018,100.8338013,1.970027924,-0.809575439,1,-0.219565243,2.737391472,1,0,0.159999996,111115,0.832511724,0.00919783,314.4540467,313.668858,240.0385103,-2.038128535,7.946016093,78.80308551,28.97510546,40.9114523,7.782356172,0.297107993,5.024343532,2.75801264,0.188529437,28.50506638,0.748501463,64.81448256,370.613002,0.025972548,0,314.4540466
268,Tabebuia,11.99,w.c,400,2,1,121,38,15,32,39.98556137,294.7,13.10280947,0.300480922,6.917646791,2.40787974,39.98556137,6,1.420000017,1,2.840000033,38.70333862,38.09476471,400,404,384.4830627,41.71311951,49.60988235,60.7954483,72.30471039,499.5310059,1499.336426,368.9427185,100.7875214,2.632987976,-1.177905083,0.666666687,-0.219565243,2.737391472,1,0,0.159999996,111115,0.832551676,0.006917647,313.1355614,311.8533386,239.8938228,-0.951479164,7.407936818,73.50053575,23.8906534,39.34445,7.157922727,0.271730935,5.000057078,2.157865649,0.172200275,29.57670742,0.763248303,68.67789248,378.1466164,0.02420957,0,313.1355614
251,Tabebuia,13.15,w.w,800,2,1,121,42,15,15,43.41928864,320.25,11.64692751,0.396812823,6.2828411,1.67160475,43.41928864,6,1.420000017,1,2.840000033,42.31832886,41.99922943,400,400,382.7841645,64.59968949,71.60492707,77.58890534,85.99946976,499.5926972,1499.170899,149.1357498,100.676281,4.368307114,-1.408097983,0.666666672,-0.219565243,2.737391472,1,0,0.159999996,111115,0.832654496,0.006282841,316.5692887,315.4683289,239.8673384,-0.602073897,8.880522543,88.20867872,16.60375166,42.86880875,8.628495249,0.348166046,7.208917793,1.419577456,0.22150737,32.21375983,0.835915079,82.06012707,377.2199127,0.02547177,0,316.5692886
270,Tabebuia,12.69,c.w,400,3,1,31,31,15,27,35.25656509,254.2,8.957711203,0.120786412,2.212249709,1.83004991,35.25656509,6,1.420000017,1,2.840000033,32.97725677,31.23224068,400,399,386.9421997,36.18649673,38.73635101,72.18904114,77.27578735,500.3945313,1499.552368,297.2284241,100.6565933,-2.20135498,-0.234182119,0.666666687,-0.219565243,2.737391472,1,0,0.159999996,111115,0.833990885,0.00221225,308.4065651,306.1272568,239.9283735,1.329861633,5.729119041,56.91747407,18.18112306,34.11691093,5.377952467,0.115858884,3.899069131,1.478883336,0.072838955,25.27868712,0.64903212,67.82115536,382.5755935,0.016284579,0,308.4065651
269,Tabebuia,9.34,c.w,800,2,1,21,38,16,33,40.19893265,319,8.395956896,0.253496952,4.796477586,1.94481825,40.19893265,6,1.420000017,1,2.840000033,38.98109436,38.10057068,400,400,387.5808105,49.55976105,54.99451447,71.22611237,79.0368042,500.4125061,1499.711304,483.030304,100.8825836,3.636883736,-1.327666521,0.666666687,-0.219565243,2.737391472,1,0,0.159999996,111115,0.834020844,0.004796478,313.3489326,312.1310944,239.9538032,0.14350567,7.492806954,74.27255217,19.2780377,39.5900135,7.252806712,0.232724117,5.547988704,1.704818008,0.147186371,32.14348453,0.822080775,74.52458136,383.561212,0.016429794,0,313.3489327
268,Tabebuia,12.50,w.c,400,2,1,121,39.5,16,33,40.83454132,285.2,13.10772958,0.282406601,7.225790936,2.653092602,40.83454132,6,1.420000017,1,2.840000033,40.0017395,39.65716934,400,400,380.6179199,42.3625145,50.60256577,57.5569458,68.75251007,499.5221863,1499.480591,321.4161072,100.7369156,2.60332489,-1.274043083,1,-0.219565243,2.737391472,1,0,0.159999996,111115,0.832536977,0.007225791,313.9845413,313.1517395,239.9168892,-1.04029014,7.750638998,76.93941146,26.33684569,40.41814041,7.580874902,0.256864288,5.097546396,2.483328506,0.162654937,28.59779371,0.745855417,66.7446373,374.2799782,0.023776756,0,313.9845413
254,Tabebuia,9.89,w.w,800,2,1,121,36,16,16,36.78760529,293.45,16.96993577,0.417760186,6.334010309,1.661617308,36.78760529,6,1.420000017,1,2.840000033,36.1925869,36.14333344,400,399.5,375.7801361,38.02855301,45.28011131,63.63391113,75.76810455,500.3507386,1499.744019,213.4394913,100.9394455,1.126325608,-0.498780608,0.833333344,-0.219565243,2.737391472,1,0,0.159999996,111115,0.833917898,0.00633401,309.9376053,309.3425869,239.9590376,-0.547472535,6.232166965,61.74163781,16.4615265,36.4900961,6.131512901,0.364188188,4.570549657,1.560963244,0.231892308,29.59793975,0.780311265,75.44275207,367.6865915,0.034936847,0,309.9376053
263,Tabebuia,8.96,c.w,800,3,1,31,25,16,28,29.31369019,192.4,12.65945344,0.114096639,1.881534634,1.677311553,29.31369019,6,1.420000017,1,2.840000033,26.06193161,25.02442932,400,400,383.8782654,21.72887802,23.9313755,64.8282547,71.39942169,500.2975769,1498.563599,1.072986364,101.0407486,0.506899357,-0.044045568,0.666666687,-0.219565243,2.737391472,1,0,0.159999996,111115,0.833829295,0.001881535,302.4636902,299.2119316,239.7701704,1.397235254,4.095355649,40.53172315,16.60034764,27.6878109,3.726321164,0.109689863,2.418044096,1.308277068,0.068938919,19.35314098,0.498955003,59.31406534,377.8325479,0.019965986,0,302.4636902
269,Tabebuia,11.81,w.c,400,2,1,121,40,17,34,41.09114456,301,12.72686449,0.336512525,7.731593343,2.420625163,41.09114456,6,1.420000017,1,2.840000033,40.39361572,40.05009842,400,401,381.4427795,45.1362381,53.90896606,60.119133,71.80395508,500.2861938,1499.906372,136.9882202,100.841507,2.977749825,-1.413214922,0.666666687,-0.219565243,2.737391472,1,0,0.159999996,111115,0.833810323,0.007731593,314.2411446,313.5436157,239.9850142,-1.276919707,7.85688654,77.91322023,24.00425417,40.74238014,7.712784321,0.300863152,5.436261376,2.276522945,0.190947321,30.23397143,0.786007107,70.51123286,375.2857036,0.024336346,0,314.2411446
256,Tabebuia,9.33,w.w,800,2,1,121,30,17,17,33.1898346,252.8,15.09047843,0.22241482,4.425754287,2.083743936,33.1898346,6,1.420000017,1,2.840000033,30.89367962,30.10154915,400,400,379.3782959,24.74994564,29.89873696,55.79111672,67.40062714,500.3235779,1499.428833,48.64095498,101.1049957,2.759954929,-0.268064447,1,-0.219565243,2.737391472,1,0,0.159999996,111115,0.83387263,0.004425755,306.3398346,304.0436796,239.908608,0.194473945,5.106655704,50.50844041,20.60970345,32.04175711,4.786563664,0.206251082,3.022911767,1.763651896,0.130267757,25.51300353,0.665143647,60.55034947,372.1776386,0.024658226,0,306.3398346
270,Tabebuia,13.16,c.w,400,2,1,21,30,18,35,35.89105225,241.7,8.481197958,0.102878078,2.192449573,2.113574165,35.89105225,6,1.420000017,1,2.840000033,33.02986526,31.29189682,400,400,388.7397156,35.44334793,37.9729538,70.44853973,75.47647858,500.2824707,1499.490234,250.2373047,100.5862274,-2.870872498,-0.231679678,0.666666687,-0.219565243,2.737391472,1,0,0.159999996,111115,0.833804118,0.00219245,309.0410522,306.1798653,239.9184321,1.252443423,5.933130331,58.98551406,21.01256026,34.46045876,5.481784665,0.099281633,3.819556166,1.662228499,0.062364418,23.94487623,0.612371773,63.87054563,384.5992233,0.014465344,0,309.0410523
269,Tabebuia,12.25,w.c,400,2,1,121,41,18,35,42.5508728,311.4,10.56861255,0.283186217,7.47382304,2.718316951,42.5508728,6,1.420000017,1,2.840000033,41.51588058,41.02108002,400,409,392.3873596,48.76081467,57.22354889,61.15824127,71.77262878,499.565094,1500.165527,101.4960938,100.7855377,3.413582802,-1.57824254,1,-0.219565243,2.737391472,1,0,0.159999996,111115,0.83260849,0.007473823,315.7008728,314.6658806,240.026479,-1.196271788,8.485623096,84.19484867,26.97129978,42.03337669,8.257918579,0.257509095,5.767306145,2.490612434,0.163068643,31.24988643,0.790196711,68.65377992,387.2537978,0.019145739,0,315.7008728
269,Tabebuia,12.74,w.c,400,2,1,121,42,19,36,43.00542831,296.6,10.70517595,0.266244534,7.380188974,2.833732809,43.00542831,6,1.420000017,1,2.840000033,42.29454041,42.00039673,400,399,382.348999,49.78230286,58.1337471,59.90139771,69.95041656,499.397522,1501.05188,105.1589966,100.7394791,3.617913246,-1.634783983,0.666666687,-0.219565243,2.737391472,1,0,0.159999996,111115,0.832329203,0.007380189,316.1554283,315.4445404,240.1682954,-1.096303784,8.690096208,86.26306477,28.12931767,42.64998436,8.529847918,0.243424002,5.856363399,2.673484519,0.154037933,29.7335944,0.771947481,67.86621392,377.1527396,0.019670335,0,316.1554283
269,Tabebuia,13.19,w.c,400,2,1,121,43,20,37,43.90228653,305.2,9.621757076,0.268768922,7.721552367,2.926240616,43.90228653,6,1.420000017,1,2.840000033,43.23006439,42.96589661,400,400,384.2009277,52.66832733,61.37322617,60.31481171,70.2835083,499.5570374,1500.626343,65.59368896,100.6925125,4.012200356,-1.799872637,0.666666687,-0.219565243,2.737391472,1,0,0.159999996,111115,0.832595062,0.007721552,317.0522865,316.3800644,240.1002095,-1.264078001,9.106064959,90.4343802,29.06115403,43.56617546,8.948200437,0.245532478,6.179824344,2.768376094,0.155388961,30.58303537,0.790542095,68.23184406,379.5192689,0.0177067,0,317.0522865
269,Tabebuia,13.64,w.c,400,2,1,121,44,21,38,44.36935806,310.2,9.059673131,0.279698269,8.314347205,3.031632101,44.36935806,6,1.420000017,1,2.840000033,44.20466614,44.14196777,400,399,384.2532349,53.20692444,62.56790924,57.89717102,68.08333588,499.5715332,1499.760498,112.2391586,100.6554871,4.168225288,-1.902552843,1,-0.219565243,2.737391472,1,0,0.159999996,111115,0.832619222,0.008314347,317.5193581,317.3546661,239.9616743,-1.486141295,9.32943548,92.68680479,30.11889555,44.2870121,9.289714117,0.254621767,6.297803379,2.991910738,0.161216358,31.08021694,0.80357988,67.92841184,379.8387523,0.016607971,0,317.5193581
